time,spei,spei_predicted
1901-01-16,-0.38459527,
1901-02-15,-1.3616713,
1901-03-16,-0.83086246,
1901-04-16,0.5452391,
1901-05-16,-0.8227308,
1901-06-16,0.743385,
1901-07-16,0.8788479,
1901-08-16,-0.70110244,
1901-09-16,-0.550119,
1901-10-16,-0.8666777,
1901-11-16,0.9870439,
1901-12-16,-0.947275,
1902-01-16,-0.3229977,-0.19091840124845233
1902-02-15,0.35637626,-0.1917324097527825
1902-03-16,-0.3210037,-0.19205416737767778
1902-04-16,1.2459543,-0.1912476664799645
1902-05-16,0.32671365,-0.19068478848642967
1902-06-16,0.3438088,-0.1904122687829935
1902-07-16,-1.1829327,-0.1905304868507191
1902-08-16,0.97078925,-0.19077259112222011
1902-09-16,-0.85330623,-0.19078260126437596
1902-10-16,1.7466357,-0.1909578856980672
1902-11-16,1.7198766,-0.19068617878395133
1902-12-16,0.13726246,-0.19056423899670627
1903-01-16,-0.13617024,-0.190767179656482
1903-02-15,-0.41775116,-0.1918951387303936
1903-03-16,-1.021428,-0.1920345962664115
1903-04-16,-0.6794158,-0.19126965456999923
1903-05-16,0.13745612,-0.19069811395344488
1903-06-16,-0.42109966,-0.19035242182198459
1903-07-16,-0.87536645,-0.19084467270141953
1903-08-16,1.8457626,-0.19080503852745617
1903-09-16,-1.5681677,-0.19087098140836767
1903-10-16,-0.7862124,-0.19088454215650197
1903-11-16,-0.56074226,-0.1907959481205838
1903-12-16,0.45062152,-0.1907920125091379
1904-01-16,1.5631025,-0.19098184159382486
1904-02-15,0.2071792,-0.1917484944256484
1904-03-16,-1.245087,-0.19173743621305311
1904-04-16,-0.1862808,-0.19135253769148225
1904-05-16,-0.19336735,-0.19053959864678405
1904-06-16,-0.95337117,-0.19034807981587853
1904-07-16,0.8174295,-0.19073090358576322
1904-08-16,0.40494725,-0.19086411547753002
1904-09-16,-0.9831489,-0.19081909122702118
1904-10-16,0.1589367,-0.19083051305589133
1904-11-16,-0.12513839,-0.1906239576225593
1904-12-16,-0.74115473,-0.19078957414117687
1905-01-16,0.2831166,-0.1910069738951778
1905-02-15,-0.18166219,-0.1917584190110337
1905-03-16,-0.2991946,-0.1916961122928711
1905-04-16,-0.12245042,-0.1916399442729964
1905-05-16,1.4613329,-0.19097732847417764
1905-06-16,-0.47044152,-0.190713471393761
1905-07-16,-0.009926179,-0.19091962043243282
1905-08-16,0.47877488,-0.190997969045076
1905-09-16,1.0673553,-0.19084110070624855
1905-10-16,0.8248213,-0.19078724271917902
1905-11-16,0.45214903,-0.19069484140697085
1905-12-16,-0.32764176,-0.19072271152498177
1906-01-16,0.50411797,-0.19073203721297316
1906-02-15,0.34884474,-0.1914784344793659
1906-03-16,-0.672256,-0.19152217537831628
1906-04-16,-0.09959708,-0.1914781350306689
1906-05-16,-0.5778579,-0.19082602132543675
1906-06-16,-0.12585418,-0.1904468764966863
1906-07-16,-0.7322941,-0.1906366628029879
1906-08-16,1.3858562,-0.19083690842449091
1906-09-16,-0.29404655,-0.19076931857574608
1906-10-16,-0.64611936,-0.1907569556223997
1906-11-16,-0.26067153,-0.1906421598254966
1906-12-16,1.8201916,-0.1906031887165051
1907-01-16,1.0973449,-0.1906552714005854
1907-02-15,-0.68479043,-0.1916859096479815
1907-03-16,0.3355473,-0.19160734714341188
1907-04-16,-0.85290366,-0.19146237119569265
1907-05-16,-1.2774333,-0.19090755692778344
1907-06-16,1.2435305,-0.19063379665117408
1907-07-16,0.60568887,-0.1905986755968579
1907-08-16,-1.8486816,-0.19077246278706428
1907-09-16,-1.7457122,-0.19109757851520415
1907-10-16,0.9508942,-0.19086597633728974
1907-11-16,1.4885635,-0.19055949059594002
1907-12-16,0.61770785,-0.19050854153906965
1908-01-16,0.09749729,-0.19088381492395218
1908-02-15,0.76529497,-0.19178404326381737
1908-03-16,-0.5437501,-0.19165113082074753
1908-04-16,0.3696844,-0.19143360273159082
1908-05-16,0.749186,-0.19084144293333077
1908-06-16,0.62405837,-0.19045277991385512
1908-07-16,-0.001987725,-0.1905530524489551
1908-08-16,0.83034056,-0.19066181649353348
1908-09-16,2.2111008,-0.19082031041100167
1908-10-16,0.06953019,-0.19051660526469522
1908-11-16,0.791003,-0.19053521386229272
1908-12-16,0.6147083,-0.1906426303877347
1909-01-16,2.0689197,-0.19078833356800373
1909-02-15,1.2601503,-0.19172064569683012
1909-03-16,0.52969056,-0.19162852244412626
1909-04-16,0.051703822,-0.19141358244727902
1909-05-16,-0.41945994,-0.19095193950251305
1909-06-16,-0.09613308,-0.1907057712844103
1909-07-16,-0.86709154,-0.19050933293919736
1909-08-16,1.5285996,-0.19082860941774632
1909-09-16,-0.94014657,-0.19070651990615273
1909-10-16,-0.31033227,-0.19082555076319868
1909-11-16,-1.220232,-0.19053371661880786
1909-12-16,-1.2753524,-0.19057510470656774
1910-01-16,0.19142114,-0.19088007181524003
1910-02-15,1.1591238,-0.19153614252111073
1910-03-16,0.5478678,-0.19153199301773838
1910-04-16,0.021861268,-0.19133713747278086
1910-05-16,-0.7400954,-0.19070044537544273
1910-06-16,1.8229136,-0.19041320990746968
1910-07-16,1.1855398,-0.1902661378188717
1910-08-16,-0.45387867,-0.19060851462547268
1910-09-16,-0.8274452,-0.19075911593085643
1910-10-16,0.3948673,-0.19076585352653824
1910-11-16,-0.28914434,-0.190574078025321
1910-12-16,1.2354975,-0.19047513162016477
1911-01-16,-0.096483864,-0.19072074371925885
1911-02-15,-1.1133626,-0.19162856522251154
1911-03-16,-0.030310841,-0.19149062631917113
1911-04-16,-0.6964149,-0.19127478797623299
1911-05-16,-1.0431334,-0.190634694997265
1911-06-16,-0.792181,-0.19037212126840675
1911-07-16,-1.5246767,-0.19062466346591644
1911-08-16,-0.47296065,-0.19066819047294042
1911-09-16,0.7429209,-0.19078228042648637
1911-10-16,1.2436498,-0.19063420304583423
1911-11-16,0.56939596,-0.19057465553352232
1911-12-16,0.37643418,-0.19025413848180017
1912-01-16,0.43361,-0.19051057351237055
1912-02-15,0.4050019,-0.19155415222131428
1912-03-16,-0.6796846,-0.19154658044711942
1912-04-16,-0.6559499,-0.19122766758484538
1912-05-16,1.5615219,-0.19086225461777023
1912-06-16,-0.5540022,-0.19028836119002546
1912-07-16,-1.2254639,-0.19056402510477982
1912-08-16,0.43594888,-0.19076437767224602
1912-09-16,-0.5172648,-0.190881740172266
1912-10-16,1.1358234,-0.19075342640561394
1912-11-16,1.0266312,-0.19055504164387072
1912-12-16,0.42774698,-0.19055442135728412
1913-01-16,1.5579774,-0.19067373027383439
1913-02-15,-0.7763381,-0.1915331908125263
1913-03-16,-0.42336145,-0.19139086712469455
1913-04-16,0.4803371,-0.19120563671642538
1913-05-16,0.9228954,-0.19075124470796462
1913-06-16,2.2027516,-0.1904362460679438
1913-07-16,-1.1971263,-0.1905022745056259
1913-08-16,-1.549527,-0.1906948627961635
1913-09-16,-0.10749393,-0.1907746444847136
1913-10-16,0.79498506,-0.1907080171496376
1913-11-16,1.3366785,-0.19042777594765808
1913-12-16,0.6246987,-0.19044403173406504
1914-01-16,0.26496112,-0.19074153401450566
1914-02-15,-0.010682142,-0.1916819098689576
1914-03-16,-0.7664107,-0.1912616122335663
1914-04-16,-0.4292191,-0.19116619504519577
1914-05-16,-1.0431335,-0.19081423588029173
1914-06-16,1.3296756,-0.19018214245937132
1914-07-16,-1.1178468,-0.19057717945825392
1914-08-16,-0.6096337,-0.1906739227765682
1914-09-16,0.7898796,-0.1907400367710208
1914-10-16,1.3252852,-0.19060385178147699
1914-11-16,1.0772538,-0.19039470825583543
1914-12-16,0.52167505,-0.19048926987650033
1915-01-16,-0.5637912,-0.19065490778431055
1915-02-15,-1.198186,-0.19182049044807725
1915-03-16,1.5958537,-0.19156950966163033
1915-04-16,0.58527046,-0.1914026739590322
1915-05-16,-0.38016537,-0.19073524559186927
1915-06-16,1.5956681,-0.19038679425455834
1915-07-16,1.522478,-0.19031208180466408
1915-08-16,1.4979279,-0.19063824560324333
1915-09-16,0.7429209,-0.19041203350187447
1915-10-16,1.2242362,-0.19054216534990098
1915-11-16,0.28284645,-0.1904695276516929
1915-12-16,-1.1693248,-0.1904609291962513
1916-01-16,-0.9541834,-0.190685665443328
1916-02-15,-0.64726454,-0.19173168252023276
1916-03-16,1.1077541,-0.19139567969303872
1916-04-16,-0.7218055,-0.19111477542608735
1916-05-16,-0.2173818,-0.19045908972568415
1916-06-16,-1.2887207,-0.19042037528700434
1916-07-16,2.1827354,-0.19064023479815895
1916-08-16,1.2321199,-0.19060344538681678
1916-09-16,-1.1654102,-0.1906359997380161
1916-10-16,-0.14696944,-0.1906782433934816
1916-11-16,-0.28709972,-0.19041564827543073
1916-12-16,-0.41033208,-0.1903246800391295
1917-01-16,1.0066297,-0.1904829600646713
1917-02-15,0.4932254,-0.19147111937548272
1917-03-16,0.98719895,-0.1915199936806669
1917-04-16,-0.5436334,-0.1912458270093974
1917-05-16,-0.7025769,-0.190439689727959
1917-06-16,-1.1442417,-0.19046713206211707
1917-07-16,0.41321206,-0.1905346363540914
1917-08-16,1.9246293,-0.1905455876207235
1917-09-16,-0.61354023,-0.19063127272644248
1917-10-16,-2.289784,-0.19065576335201617
1917-11-16,1.7842113,-0.19069069190359855
1917-12-16,-0.577215,-0.1903549457467162
1918-01-16,0.7864685,-0.1906135196965506
1918-02-15,-0.26823676,-0.19188487191792603
1918-03-16,-0.09361327,-0.19202916341148074
1918-04-16,0.8185296,-0.19131461465293015
1918-05-16,-0.6301627,-0.19071702199973933
1918-06-16,1.3194385,-0.19060378761389907
1918-07-16,-1.2879714,-0.19081130556089992
1918-08-16,-0.4006947,-0.19075513754102524
1918-09-16,0.71922296,-0.1907130222207155
1918-10-16,0.5860988,-0.19066748462958327
1918-11-16,1.2260823,-0.19055431441132092
1918-12-16,1.1686903,-0.19019968159733674
1919-01-16,-0.53765684,-0.19073776951660093
1919-02-15,-0.30965245,-0.1914855570805153
1919-03-16,-0.02797902,-0.1913992516882097
1919-04-16,-0.062981606,-0.19118516725906815
1919-05-16,0.56656975,-0.1907388603654256
1919-06-16,-1.3164606,-0.19044512258288976
1919-07-16,0.2896102,-0.19070401737061377
1919-08-16,-1.4294351,-0.19081019332288257
1919-09-16,0.6639885,-0.19077644117689546
1919-10-16,0.123334624,-0.19061681363221727
1919-11-16,-0.40747577,-0.1905513199243512
1919-12-16,1.4302727,-0.1904373369167685
1920-01-16,-0.17111646,-0.19070996356616787
1920-02-15,-0.042985413,-0.19164531296034926
1920-03-16,1.3357195,-0.1914605531143182
1920-04-16,0.2717718,-0.19110489361908728
1920-05-16,-0.71257854,-0.19061123105293803
1920-06-16,-1.2128426,-0.19022216163880223
1920-07-16,-1.3661237,-0.19039160682290251
1920-08-16,-0.083460316,-0.1906878471409773
1920-09-16,-0.5090399,-0.1908699333379283
1920-10-16,-0.8552059,-0.1906565119737586
1920-11-16,0.58304787,-0.1906619448286893
1920-12-16,-0.7302278,-0.19042116668713205
1921-01-16,0.052139625,-0.19071496863724585
1921-02-15,-0.23106125,-0.19151697780450455
1921-03-16,1.0721161,-0.19156334957414978
1921-04-16,-1.6498907,-0.1909681097321495
1921-05-16,1.1271048,-0.190850062777965
1921-06-16,-1.0606567,-0.19038302975665355
1921-07-16,-0.60964876,-0.1902818160970774
1921-08-16,-0.43674377,-0.19076758605114214
1921-09-16,-0.43896374,-0.19090404910019032
1921-10-16,0.79383165,-0.19060310315973455
1921-11-16,-0.87765807,-0.19054404759885335
1921-12-16,-1.0140561,-0.19051284076679043
1922-01-16,1.2262028,-0.19057005685710454
1922-02-15,-0.65560657,-0.19130293615374827
1922-03-16,1.5347846,-0.19145360162670993
1922-04-16,0.36287493,-0.1913435114521878
1922-05-16,1.1239622,-0.19095628150861915
1922-06-16,0.065913245,-0.19061702752414372
1922-07-16,-1.0688251,-0.19052235895751557
1922-08-16,-0.92736626,-0.190834106440255
1922-09-16,-0.8014959,-0.19090744998182024
1922-10-16,0.3504804,-0.19050180394338778
1922-11-16,1.8848039,-0.19048728068158471
1922-12-16,0.81640375,-0.19040441894929433
1923-01-16,1.2793448,-0.190524241206468
1923-02-15,0.4932254,-0.1915236512326085
1923-03-16,1.3951479,-0.19154933965297005
1923-04-16,-0.04694578,-0.19122574255750768
1923-05-16,-0.9430015,-0.19063067382904852
1923-06-16,-0.5197436,-0.1905531380057257
1923-07-16,-0.81738544,-0.19055084936211314
1923-08-16,-0.6368051,-0.19097086893800014
1923-09-16,1.6405128,-0.19105400872979483
1923-10-16,0.6399327,-0.19084225572265112
1923-11-16,-0.3272826,-0.19051613470245715
1923-12-16,-0.27843997,-0.19042997903450004
1924-01-16,0.64210266,-0.19062164758975408
1924-02-15,0.6251371,-0.19132006889705355
1924-03-16,1.2325001,-0.19131602633964445
1924-04-16,0.97649586,-0.19118349890204217
1924-05-16,0.05328414,-0.1909154067614826
1924-06-16,0.66490203,-0.19037905136682237
1924-07-16,1.3927214,-0.190579853107334
1924-08-16,-0.7128281,-0.19066816908374778
1924-09-16,1.4689844,-0.1905865479246306
1924-10-16,-0.48093507,-0.19072585573629997
1924-11-16,0.352895,-0.19057919004236218
1924-12-16,0.45165887,-0.1902288136777135
1925-01-16,0.6461148,-0.19078968108714006
1925-02-15,-0.059187442,-0.19163192332575613
1925-03-16,0.79817015,-0.1917374789914384
1925-04-16,-0.035486378,-0.19127906581476117
1925-05-16,0.46748966,-0.19054013337660008
1925-06-16,0.55813706,-0.19060134924593802
1925-07-16,-0.8236034,-0.19059230161745094
1925-08-16,-0.54586303,-0.19108684114049845
1925-09-16,0.25798476,-0.19109948215334915
1925-10-16,0.7225824,-0.19085459728680487
1925-11-16,1.7012001,-0.19074726631813343
1925-12-16,-0.62696296,-0.1906695379920768
1926-01-16,0.22607419,-0.19115627045981043
1926-02-15,-0.44692957,-0.19172661328157686
1926-03-16,-0.40135354,-0.1919813157875433
1926-04-16,-0.4003226,-0.19180470522390836
1926-05-16,-0.34346142,-0.1907491485670858
1926-06-16,1.0456443,-0.1906042367869445
1926-07-16,-0.69488925,-0.19061574417258526
1926-08-16,0.19183539,-0.1909312989316147
1926-09-16,0.7880843,-0.19095934016316674
1926-10-16,-0.47079298,-0.1908668960725733
1926-11-16,1.9429904,-0.19067764449608765
1926-12-16,2.1179867,-0.1906151452751913
1927-01-16,1.0083458,-0.1904009325108939
1927-02-15,-0.06324323,-0.19136443008259052
1927-03-16,0.19329746,-0.19157470723544207
1927-04-16,0.71495366,-0.1910220960543748
1927-05-16,-1.5537509,-0.19085350643798016
1927-06-16,0.51995844,-0.19074335209588017
1927-07-16,-1.0933574,-0.1907174070052069
1927-08-16,-1.4034352,-0.19103452317529912
1927-09-16,1.5534261,-0.19109368568214352
1927-10-16,0.28836626,-0.1908850982755106
1927-11-16,-0.48027417,-0.19087066057047808
1927-12-16,0.08695724,-0.19073717061920697
1928-01-16,-0.5454923,-0.19067899201522404
1928-02-15,0.42354947,-0.19177168031047098
1928-03-16,-0.8630809,-0.19136744595875288
1928-04-16,-0.16579178,-0.19127224266230874
1928-05-16,-0.5927888,-0.19089848791010372
1928-06-16,-1.4087278,-0.19063865199790353
1928-07-16,-0.6678645,-0.19102198910841162
1928-08-16,-0.88781613,-0.1910451749932342
1928-09-16,-1.4070536,-0.19107503430616074
1928-10-16,-0.37094012,-0.19105127091313684
1928-11-16,0.6106266,-0.19079759508841715
1928-12-16,1.0150332,-0.190673516381908
1929-01-16,-0.97007555,-0.19049528023963236
1929-02-15,0.017467724,-0.19162148539974744
1929-03-16,1.5782518,-0.19160572156477118
1929-04-16,0.29003423,-0.19154181065716053
1929-05-16,-0.3215061,-0.1909503994806429
1929-06-16,-1.0524533,-0.1906434645662477
1929-07-16,-2.7136307,-0.1910323200884571
1929-08-16,-1.2196593,-0.1909159414912986
1929-09-16,0.84332967,-0.1911268175415441
1929-10-16,-1.5724955,-0.19081772231869215
1929-11-16,0.93009907,-0.19084924998864466
1929-12-16,-1.821249,-0.19067315276563312
1930-01-16,0.8426294,-0.1909884294651582
1930-02-15,-0.22281425,-0.19185394314536747
1930-03-16,-0.81599003,-0.1920584666053986
1930-04-16,0.32194602,-0.19162822299542925
1930-05-16,-0.4071653,-0.19124011609496228
1930-06-16,-0.07071292,-0.19070198539731287
1930-07-16,-1.1524644,-0.19096006739571653
1930-08-16,0.3877506,-0.1907600570553326
1930-09-16,-1.0855362,-0.1907235884818801
1930-10-16,1.8014655,-0.19090841249548907
1930-11-16,0.07158813,-0.19062887713686671
1930-12-16,0.29803556,-0.190506317063035
1931-01-16,0.365862,-0.1907436943229624
1931-02-15,-0.59718895,-0.1912436880901333
1931-03-16,-1.2939175,-0.19205540795085096
1931-04-16,-0.9481944,-0.191564825428442
1931-05-16,0.88811135,-0.19080743411703194
1931-06-16,0.98630416,-0.1904478817887404
1931-07-16,0.34358364,-0.19043070626704983
1931-08-16,-1.6517415,-0.19067462861992535
1931-09-16,-0.68471897,-0.19074880634000357
1931-10-16,-0.10010352,-0.19076895495947116
1931-11-16,-0.61454046,-0.19070040259705745
1931-12-16,1.4010044,-0.19066241539092743
1932-01-16,-0.49074277,-0.190757533130601
1932-02-15,0.6599109,-0.19203808270481193
1932-03-16,0.9650286,-0.19192057048044348
1932-04-16,0.09762332,-0.19167572839228447
1932-05-16,0.44272196,-0.19106132383367802
1932-06-16,0.6371042,-0.19083310114820085
1932-07-16,-1.2960123,-0.19087513091174002
1932-08-16,0.93874407,-0.19085936707676376
1932-09-16,-1.2571371,-0.19094488106894159
1932-10-16,0.7915226,-0.19087271393297162
1932-11-16,0.6685948,-0.19056719070529066
1932-12-16,-0.55283093,-0.19052317174683597
1933-01-16,0.24671297,-0.19080888858213152
1933-02-15,0.24203274,-0.19141497274480068
1933-03-16,0.11235732,-0.19197607543534628
1933-04-16,1.2731305,-0.1915008931316387
1933-05-16,-0.43423077,-0.19057360746308288
1933-06-16,-1.1035835,-0.19046118586656297
1933-07-16,-0.009926235,-0.19076198208267026
1933-08-16,0.7202903,-0.1906500310483884
1933-09-16,-1.9085474,-0.19061935894614151
1933-10-16,-1.1446114,-0.1910090486468639
1933-11-16,0.7453817,-0.19069253137416564
1933-12-16,-0.102079935,-0.19061347691816533
1934-01-16,1.2748475,-0.19083327226174202
1934-02-15,0.5041084,-0.19184697026856656
1934-03-16,0.046116915,-0.19180427744005557
1934-04-16,-0.23396848,-0.19137606580338712
1934-05-16,-0.027726972,-0.19085119640517495
1934-06-16,2.0389845,-0.19042938013710614
1934-07-16,-1.1605964,-0.19040386283028565
1934-08-16,1.1626964,-0.19057861253416086
1934-09-16,0.30788735,-0.1906730030412846
1934-10-16,1.3640928,-0.19058344649169767
1934-11-16,0.9035125,-0.1904160974484762
1934-12-16,-1.1321665,-0.19029189040681116
1935-01-16,1.5502616,-0.19100626805182064
1935-02-15,0.19161144,-0.19142472621664486
1935-03-16,0.2199449,-0.19175709288109
1935-04-16,-0.5784285,-0.19092516023332678
1935-05-16,-0.34590414,-0.19080183014856006
1935-06-16,0.000996988,-0.19048156976714964
1935-07-16,-1.2557514,-0.19061123105293803
1935-08-16,2.1023903,-0.19036268863445216
1935-09-16,-1.2756608,-0.19062000062192075
1935-10-16,1.4721692,-0.19062834240705068
1935-11-16,0.04182592,-0.19035962997990452
1935-12-16,0.9782736,-0.19022733782342127
1936-01-16,1.3670915,-0.19061076049069997
1936-02-15,-0.5804906,-0.19124762370157922
1936-03-16,-0.27502036,-0.19156138176842685
1936-04-16,0.21688505,-0.19130231586716168
1936-05-16,1.5502424,-0.19043254573761698
1936-06-16,-1.3676662,-0.19028543087063365
1936-07-16,-1.8251556,-0.1906456676530897
1936-08-16,-0.49017233,-0.1905658859645396
1936-09-16,0.26799375,-0.19085609453028973
1936-10-16,0.5251288,-0.19072251902224802
1936-11-16,0.60361916,-0.19074606852334552
1936-12-16,0.50631946,-0.190483751464799
1937-01-16,-0.41555053,-0.19056855961361968
1937-02-15,0.67026937,-0.1913200475078609
1937-03-16,1.3227451,-0.1917084324678322
1937-04-16,0.8886383,-0.19131499965839766
1937-05-16,-0.5356197,-0.19055315939491835
1937-06-16,-1.290706,-0.19059302885000073
1937-07-16,-0.23979135,-0.1905328396619096
1937-08-16,0.1935045,-0.190825828822703
1937-09-16,0.28796965,-0.19067456445234737
1937-10-16,1.0408638,-0.19066868242437118
1937-11-16,0.15578409,-0.19070835937671982
1937-12-16,0.19160749,-0.1904705971113249
1938-01-16,0.67799085,-0.19048882070345485
1938-02-15,-0.6639469,-0.19137035488895204
1938-03-16,0.17320092,-0.1912995352721184
1938-04-16,0.48258287,-0.1911858731024253
1938-05-16,-0.60274875,-0.19068397569710932
1938-06-16,-1.3872526,-0.1903943874179458
1938-07-16,-0.5576863,-0.19054079644157196
1938-08-16,1.5472585,-0.19079160611447776
1938-09-16,-0.13025858,-0.19048713095723624
1938-10-16,-1.1948967,-0.19057593888508073
1938-11-16,-1.5362765,-0.19056781099187725
1938-12-16,-0.7389704,-0.19060693182521726
1939-01-16,-0.38202012,-0.19060487846272373
1939-02-15,-0.40108964,-0.1908703397325885
1939-03-16,-0.2316702,-0.1915208278591799
1939-04-16,1.2962768,-0.19138857848108198
1939-05-16,0.22663485,-0.19059985200245316
1939-06-16,0.820058,-0.19047309964686387
1939-07-16,-1.638132,-0.1906410475874793
1939-08-16,-1.1379198,-0.19082959332060778
1939-09-16,1.0241115,-0.1908269196715277
1939-10-16,-0.9709412,-0.1908699975055062
1939-11-16,-0.7626232,-0.19069045662247952
1939-12-16,0.2067564,-0.1905107660151043
1940-01-16,-0.23905985,-0.19109732184489242
1940-02-15,-0.6514359,-0.19252800216224902
1940-03-16,-1.2255187,-0.19200268359099143
1940-04-16,-0.5849296,-0.1918196776587569
1940-05-16,-0.01374771,-0.19095919043881826
1940-06-16,-0.2624191,-0.1905954244395765
1940-07-16,-0.74683416,-0.19065041605385596
1940-08-16,-0.875965,-0.19099621513127946
1940-09-16,-0.5562706,-0.190944260782355
1940-10-16,0.55761296,-0.1907507741457265
1940-11-16,1.1128168,-0.19068108815610285
1940-12-16,-0.12100462,-0.1904626617208552
1941-01-16,0.40973723,-0.19089303366598032
1941-02-15,0.51856846,-0.19126877761310096
1941-03-16,0.2727222,-0.19141713305325742
1941-04-16,-0.5827632,-0.1914268865251016
1941-05-16,0.11938999,-0.19063766809504207
1941-06-16,-1.3164606,-0.19050929016081208
1941-07-16,-0.3918664,-0.19089532230959289
1941-08-16,0.022671176,-0.19088976111950628
1941-09-16,1.1520401,-0.19078730688675694
1941-10-16,0.7131113,-0.19064171065245117
1941-11-16,0.12474104,-0.19062393623336665
1941-12-16,0.24341562,-0.19022616141782606
1942-01-16,1.6709439,-0.19045588134678804
1942-02-15,-0.7389238,-0.19182945251979377
1942-03-16,-0.030310774,-0.19165788980562204
1942-04-16,2.0416565,-0.1912821244693088
1942-05-16,-0.5654244,-0.19080491019230034
1942-06-16,-0.022148998,-0.19052558872560438
1942-07-16,-1.7811066,-0.19072949189904892
1942-08-16,0.188495,-0.1907479721614906
1942-09-16,-0.70091766,-0.19090242352154962
1942-10-16,0.25095978,-0.1907109474690294
1942-11-16,1.0718303,-0.19051478718332077
1942-12-16,2.3724768,-0.190549309340243
1943-01-16,-0.5324359,-0.1905748694254487
1943-02-15,2.4366841,-0.19170252905066337
1943-03-16,2.303595,-0.1918660922067874
1943-04-16,0.6953333,-0.19120219305641017
1943-05-16,-0.7751406,-0.1909615218608161
1943-06-16,-1.3401443,-0.19066309984509194
1943-07-16,-1.4059857,-0.19099341314704354
1943-08-16,-0.14472154,-0.19105343122159357
1943-09-16,-1.1483907,-0.19127055291609013
1943-10-16,-0.93104315,-0.19104335691185975
1943-11-16,-0.7723532,-0.1907176850647112
1943-12-16,-0.38241088,-0.1907003170402869
1944-01-16,-0.3204408,-0.19088606078917947
1944-02-15,1.6506584,-0.19181285450630448
1944-03-16,-2.0216062,-0.19148630570225772
1944-04-16,1.4765842,-0.19154219566262803
1944-05-16,-0.36546773,-0.19092475383866664
1944-06-16,1.5456747,-0.19054314925276244
1944-07-16,0.45293847,-0.19088832804359934
1944-08-16,1.2139384,-0.19084745329646285
1944-09-16,-0.03314664,-0.19076018539048845
1944-10-16,-1.0954765,-0.1906772381014275
1944-11-16,-1.4239023,-0.1907759492254647
1944-12-16,0.46822545,-0.1908628107367789
1945-01-16,0.4097372,-0.19075599310873087
1945-02-15,0.35261223,-0.1915878615889161
1945-03-16,0.6681754,-0.19126978290515506
1945-04-16,2.0696628,-0.1909707406028443
1945-05-16,1.2146868,-0.1908612279365235
1945-06-16,1.7380106,-0.19060404428421074
1945-07-16,1.4718155,-0.190614033037174
1945-08-16,0.6003255,-0.1906917827524232
1945-09-16,-1.475,-0.19076069873111184
1945-10-16,1.393206,-0.19086293907193475
1945-11-16,-0.6717141,-0.19058857989793143
1945-12-16,0.81545573,-0.1907285293853801
1946-01-16,0.98938996,-0.19077171416532185
1946-02-15,0.08534853,-0.19166518352031253
1946-03-16,1.2684938,-0.19144016921373153
1946-04-16,1.3667892,-0.19101677014540724
1946-05-16,0.70234066,-0.19095732957905853
1946-06-16,0.38947508,-0.19038183196186564
1946-07-16,0.0355853,-0.19087605064702357
1946-08-16,-0.37613136,-0.19091912848100207
1946-09-16,1.7064992,-0.19090150378626608
1946-10-16,-0.4809351,-0.19082773246084805
1946-11-16,-0.46599346,-0.19086479993169453
1946-12-16,0.7926252,-0.19050768597136403
1947-01-16,1.0014725,-0.19062849213139915
1947-02-15,-0.45944098,-0.1912302556771549
1947-03-16,1.6440043,-0.19137444022474642
1947-04-16,0.5385477,-0.19089998515358858
1947-05-16,1.3285857,-0.19075222861082608
1947-06-16,1.1916071,-0.1904431119987815
1947-07-16,0.17768092,-0.19061520944276922
1947-08-16,1.2679363,-0.19086195516907328
1947-09-16,0.2198261,-0.19078681493532623
1947-10-16,-1.0489368,-0.19072337458995364
1947-11-16,-1.3429147,-0.19059193800117608
1947-12-16,1.0087883,-0.1906910982982587
1948-01-16,-1.1421413,-0.19068031814516778
1948-02-15,0.28811657,-0.19160210679121487
1948-03-16,0.9564439,-0.19136990571590656
1948-04-16,0.72148025,-0.19124719591772638
1948-05-16,-1.0381311,-0.19083429894298876
1948-06-16,-1.1442416,-0.19060539180334712
1948-07-16,0.6684984,-0.19057831308546386
1948-08-16,-0.5863981,-0.19068707713004224
1948-09-16,-0.2587872,-0.19069120524422195
1948-10-16,0.15757142,-0.19079977678606652
1948-11-16,-0.16652416,-0.19054708486420835
1948-12-16,-1.942253,-0.19063835254920658
1949-01-16,-0.50115335,-0.19107582570628845
1949-02-15,1.4494021,-0.19189267897323992
1949-03-16,-1.0238969,-0.19130161002380452
1949-04-16,-0.61732507,-0.19120309140250108
1949-05-16,1.2296653,-0.19057493359302663
1949-06-16,-0.13223155,-0.1903931682339653
1949-07-16,1.5143182,-0.1904973336021259
1949-08-16,1.0928388,-0.19046711067292443
1949-09-16,1.2234067,-0.19067871395571973
1949-10-16,0.08751677,-0.19049810361306097
1949-11-16,-0.45942762,-0.19034902094035472
1949-12-16,0.9800771,-0.19049836028337264
1950-01-16,0.45944262,-0.1904262145365953
1950-02-15,0.49322525,-0.19114012161936667
1950-03-16,-0.041982986,-0.19113062481783416
1950-04-16,1.149376,-0.19113058203944888
1950-05-16,0.52249485,-0.19059161716328643
1950-06-16,-0.8615736,-0.19034745952929194
1950-07-16,0.003959885,-0.19046824430013443
1950-08-16,0.11760139,-0.19073595143522643
1950-09-16,-1.1786112,-0.19065199885411138
1950-10-16,-0.8092397,-0.19071077635548822
1950-11-16,0.06200741,-0.1905072154091259
1950-12-16,-1.0968615,-0.1900688225167605
1951-01-16,0.95448786,-0.19073233666167017
1951-02-15,1.3542064,-0.19129977055323744
1951-03-16,-0.6994989,-0.19170524547812873
1951-04-16,-0.85700315,-0.19159207525986638
1951-05-16,1.8015724,-0.191122774984135
1951-06-16,-0.7245018,-0.19070748241982155
1951-07-16,-0.21734598,-0.19094188658197186
1951-08-16,0.04705481,-0.19097441954397854
1951-09-16,1.9504149,-0.19090475494354747
1951-10-16,-0.4172154,-0.19084394546886974
1951-11-16,0.13318045,-0.19082544381723548
1951-12-16,-0.5306315,-0.1905663779159703
1952-01-16,-0.21129522,-0.19092092517318393
1952-02-15,0.48230955,-0.191665333244661
1952-03-16,1.0242292,-0.19125282127539095
1952-04-16,0.8801897,-0.19118140276116335
1952-05-16,0.22222261,-0.1909492872426256
1952-06-16,-0.8804209,-0.19048289589709333
1952-07-16,-0.58470285,-0.19060941297156359
1952-08-16,-0.45959866,-0.19085215891884383
1952-09-16,-1.1804943,-0.19100678139244404
1952-10-16,-1.0390393,-0.1910096047658726
1952-11-16,0.047989506,-0.19076589630492352
1952-12-16,-0.94088155,-0.19068403986468724
1953-01-16,-0.33579436,-0.19168319322051608
1953-02-15,1.4744151,-0.19151068938186816
1953-03-16,0.034606922,-0.19149751363920148
1953-04-16,0.5162046,-0.19159705894175166
1953-05-16,0.773206,-0.1910444905390697
1953-06-16,0.39342555,-0.1908727567113569
1953-07-16,1.7338802,-0.1908179148214259
1953-08-16,-1.1558517,-0.19104209494949392
1953-09-16,1.111625,-0.19111719240485575
1953-10-16,0.5024659,-0.19100883475493752
1953-11-16,-0.84382284,-0.19075083831330442
1953-12-16,0.3827439,-0.19074256069575246
1954-01-16,0.71142787,-0.1910846166644638
1954-02-15,-0.055133946,-0.1913543557728567
1954-03-16,0.14851214,-0.19190407941291743
1954-04-16,-0.9079139,-0.1915115449495738
1954-05-16,0.9177113,-0.19093273200752164
1954-06-16,0.2532676,-0.1907100277337458
1954-07-16,1.4622462,-0.19072696797431732
1954-08-16,-0.0691608,-0.19089008195739593
1954-09-16,-1.8712311,-0.19087468173869454
1954-10-16,1.3178155,-0.19097769209045257
1954-11-16,-0.9258969,-0.19080484602472242
1954-12-16,-0.5439548,-0.19094154435488964
1955-01-16,-0.8720935,-0.19100023629949592
1955-02-15,-0.45109963,-0.191759295967932
1955-03-16,-1.1936779,-0.19187345008905582
1955-04-16,-0.044654094,-0.19194536055471412
1955-05-16,-0.6501204,-0.19119404377401406
1955-06-16,-0.15138009,-0.19065916423364604
1955-07-16,-0.43115205,-0.19075680589805122
1955-08-16,-0.065592974,-0.1909426352037143
1955-09-16,-0.55627054,-0.1909347639808225
1955-10-16,0.40653762,-0.19095833487111263
1955-11-16,0.18387158,-0.19060265398668907
1955-12-16,-0.13994567,-0.190563062591111
1956-01-16,-0.0546251,-0.191404235370095
1956-02-15,-0.014712422,-0.1921677226014077
1956-03-16,0.32047936,-0.1917770276086312
1956-04-16,-0.18172994,-0.19145933393033765
1956-05-16,0.24423398,-0.19098723167037035
1956-06-16,0.19618711,-0.19070527933297954
1956-07-16,0.9585178,-0.19088385770233746
1956-08-16,0.10906815,-0.1910966587799206
1956-09-16,0.47267494,-0.19090715053312324
1956-10-16,1.0670339,-0.1908384270571684
1956-11-16,-0.10709185,-0.19062128397347922
1956-12-16,0.14489241,-0.19096120102292652
1957-01-16,-1.216128,-0.191107053927544
1957-02-15,-0.23931387,-0.19221069348942305
1957-03-16,1.20201,-0.19223742998022403
1957-04-16,-0.85085243,-0.1916401795541155
1957-05-16,1.5776886,-0.19089530092040025
1957-06-16,-1.3460518,-0.19062421429287102
1957-07-16,0.32876566,-0.1906755483552089
1957-08-16,-0.75786793,-0.19084711106938057
1957-09-16,1.1165043,-0.1910545648488035
1957-10-16,-0.23413761,-0.19085091834567064
1957-11-16,-0.19388169,-0.19078771328141714
1957-12-16,0.27453008,-0.1908305558342766
1958-01-16,-0.49074292,-0.1906540736057975
1958-02-15,-0.6472647,-0.19185379342101894
1958-03-16,-0.33071175,-0.1918687230774822
1958-04-16,-1.1775618,-0.19158884549177757
1958-05-16,0.6966615,-0.19107246760304386
1958-06-16,1.0456443,-0.19033524630029403
1958-07-16,-1.5168059,-0.1907235457034948
1958-08-16,0.2530422,-0.19105379483786844
1958-09-16,-0.8711567,-0.1909832105021539
1958-10-16,0.77530885,-0.19092306409244797
1958-11-16,0.002653124,-0.19068823214644487
1958-12-16,-2.0552154,-0.19087688482553655
1959-01-16,-1.4870608,-0.19140911210601713
1959-02-15,-0.65560645,-0.19181063003026988
1959-03-16,0.03230189,-0.1917765784355857
1959-04-16,0.26034877,-0.19142215951352798
1959-05-16,0.732421,-0.19098188437221014
1959-06-16,0.68881875,-0.19065503611946638
1959-07-16,0.5187597,-0.1906659446077132
1959-08-16,0.63196003,-0.19093337368330088
1959-09-16,0.3277453,-0.19106587973171052
1959-10-16,0.80649734,-0.19099912406147862
1959-11-16,-0.35023826,-0.19067571946875
1959-12-16,-0.7782139,-0.1904327168511581
1960-01-16,-0.017966118,-0.1905738641333946
1960-02-15,-0.02277953,-0.19141028851161235
1960-03-16,-0.66235346,-0.19136736040198232
1960-04-16,-0.12016616,-0.19148215619888537
1960-05-16,-0.34101963,-0.19076380016404476
1960-06-16,-0.6095803,-0.19064117592263513
1960-07-16,1.1841716,-0.190740443165681
1960-08-16,-0.007134327,-0.19074748021005983
1960-09-16,-0.14682531,-0.19067383721979764
1960-10-16,-0.22696953,-0.19075849564426983
1960-11-16,0.95118684,-0.19083102639651472
1960-12-16,0.25630838,-0.19047669303122755
1961-01-16,0.38128686,-0.19090030599147823
1961-02-15,0.41243148,-0.1916445429494142
1961-03-16,-0.03731124,-0.19132620759534147
1961-04-16,-0.024023052,-0.1913799372472551
1961-05-16,-2.472612,-0.19070213512166134
1961-06-16,-0.10674024,-0.19064432013395333
1961-07-16,0.6262018,-0.19090956751189164
1961-08-16,-1.1359278,-0.19086854304040662
1961-09-16,0.26599294,-0.19071798451340816
1961-10-16,0.16303018,-0.1908006109645795
1961-11-16,0.47241515,-0.19068979355750765
1961-12-16,0.06390266,-0.19046195587749803
1962-01-16,0.26496118,-0.19038739315195224
1962-02-15,-0.88817257,-0.19095660234650874
1962-03-16,0.7667403,-0.1919099828300863
1962-04-16,-0.9381619,-0.19119006538418287
1962-05-16,-0.80519456,-0.19101287731234662
1962-06-16,-0.18547837,-0.190441593366104
1962-07-16,-0.9517623,-0.19101300564750245
1962-08-16,1.5006577,-0.19078339266450367
1962-09-16,0.07773968,-0.1909988887803596
1962-10-16,1.0313748,-0.19074782243714206
1962-11-16,-0.6953725,-0.19046539953751318
1962-12-16,-0.4705595,-0.19057651639328205
1963-01-16,0.3213865,-0.19079385197970505
1963-02-15,-0.7389237,-0.19186527941746706
1963-03-16,-0.43560344,-0.1917272549573561
1963-04-16,-1.7908115,-0.1914855570805153
1963-05-16,-0.076938234,-0.19125147375625456
1963-06-16,-1.2027957,-0.19080176598098214
1963-07-16,1.1132576,-0.19085934568757112
1963-08-16,-0.70110244,-0.19081797898900382
1963-09-16,0.25798473,-0.19074822883180226
1963-10-16,-0.12563895,-0.19057908309639893
1963-11-16,1.086689,-0.19057281606295517
1963-12-16,-0.77494985,-0.19047408354972534
1964-01-16,-0.4284771,-0.19099882461278167
1964-02-15,1.2101934,-0.19160016037468458
1964-03-16,-0.37206972,-0.1912606924982827
1964-04-16,-0.9321302,-0.19133634607265315
1964-05-16,-0.71257854,-0.19066451153180625
1964-06-16,0.6184531,-0.19048062864267346
1964-07-16,2.3211455,-0.19083648064063813
1964-08-16,-1.0662646,-0.1908994504237726
1964-09-16,1.1067382,-0.19098152075593527
1964-10-16,-0.69241303,-0.1906531752597066
1964-11-16,-1.1236736,-0.19079507116368555
1964-12-16,-0.3969322,-0.19066096092582785
1965-01-16,-2.2560008,-0.19112059328648562
1965-02-15,-0.09168778,-0.193009472888593
1965-03-16,-0.1933256,-0.19154889047992463
1965-04-16,0.73668206,-0.19154675156066053
1965-05-16,0.15320204,-0.19107655293883824
1965-06-16,-0.8615736,-0.19076782133226122
1965-07-16,-0.4705083,-0.19105334566482302
1965-08-16,1.4262764,-0.19130894651688035
1965-09-16,0.39871266,-0.1910094978199094
1965-10-16,0.91909486,-0.19099863211004786
1965-11-16,-0.14814422,-0.19064301539320222
1965-12-16,1.1905805,-0.1906834195781007
1966-01-16,1.15725,-0.19050441342489
1966-02-15,-0.034896735,-0.19139606469850623
1966-03-16,-0.45276043,-0.1913931129899218
1966-04-16,0.7561714,-0.19151171606311496
1966-05-16,-0.7876617,-0.19093091392614714
1966-06-16,1.1931494,-0.19064297261481694
1966-07-16,1.1910042,-0.19074931968062692
1966-08-16,0.6490421,-0.19077406697651234
1966-09-16,1.124618,-0.19073207999135844
1966-10-16,0.6314266,-0.19072356709268745
1966-11-16,2.3491693,-0.1905783344746565
1966-12-16,-0.3656498,-0.19061129522051595
1967-01-16,0.5667604,-0.19050787847409778
1967-02-15,0.4823096,-0.19115954300628446
1967-03-16,-0.9744823,-0.19132708455223973
1967-04-16,-0.06527172,-0.19153896589453928
1967-05-16,0.94351315,-0.1912636228176745
1967-06-16,-0.3267,-0.19067805089074785
1967-07-16,-0.22958288,-0.19066951660288417
1967-08-16,-0.36293998,-0.19070731130628044
1967-09-16,-0.42037186,-0.19071381362084322
1967-10-16,-0.25853702,-0.19061454637779734
1967-11-16,0.7149194,-0.19065225552442305
1967-12-16,-1.964343,-0.19057966060460024
1968-01-16,-0.80066437,-0.1911204221729445
1968-02-15,-0.8840433,-0.19202929174663658
1968-03-16,-1.2328591,-0.19231755389585636
1968-04-16,-1.173793,-0.19147811364147627
1968-05-16,1.9007872,-0.1910956320986738
1968-06-16,0.39934528,-0.19053579137049403
1968-07-16,0.96002537,-0.19047290714413012
1968-08-16,-0.42534122,-0.19066284317478027
1968-09-16,-0.03314664,-0.19084576355024419
1968-10-16,0.8464281,-0.19083891900859917
1968-11-16,-2.5173886,-0.1907702810894149
1968-12-16,0.22079538,-0.19089187864957774
1969-01-16,0.6320449,-0.19068630711910717
1969-02-15,-0.713951,-0.19143257605034403
1969-03-16,-0.49696645,-0.19192647389761236
1969-04-16,-1.009831,-0.1913611147577312
1969-05-16,0.97071177,-0.19093660345138963
1969-06-16,0.789963,-0.1905144021778532
1969-07-16,-0.42701328,-0.1906442987447607
1969-08-16,1.6810776,-0.19089878735880073
1969-09-16,-1.6629163,-0.19103403122386836
1969-10-16,2.7051585,-0.19094689165304984
1969-11-16,-0.3935799,-0.19066767713231708
1969-12-16,-0.33434996,-0.19049523746124708
1970-01-16,0.8352191,-0.1909104444687899
1970-02-15,-1.1820838,-0.19123545325096658
1970-03-16,-0.24369,-0.1917117477926915
1970-04-16,0.6228859,-0.19130404839176557
1970-05-16,-0.034730215,-0.1906482343562066
1970-06-16,-0.57753175,-0.19031524740517491
1970-07-16,0.009901936,-0.19051949280570174
1970-08-16,-0.9868128,-0.19083166807229396
1970-09-16,-0.043455955,-0.1908153908966943
1970-10-16,0.55014306,-0.19061527361034714
1970-11-16,0.6439386,-0.19051594219972334
1970-12-16,0.30656105,-0.19043900527379448
1971-01-16,-0.30511588,-0.19049756888324493
1971-02-15,0.51495904,-0.1916166942205959
1971-03-16,0.9112826,-0.19164627547401808
1971-04-16,-0.9900548,-0.1916601142816567
1971-05-16,-0.8678332,-0.1913277903955969
1971-06-16,-0.6671399,-0.19077055914891922
1971-07-16,-1.2718725,-0.19086713135369238
1971-08-16,1.187953,-0.19109973882366083
1971-09-16,1.2452512,-0.191194343222711
1971-10-16,-1.374215,-0.190673516381908
1971-11-16,-0.33352262,-0.19068485265400759
1971-12-16,1.6660348,-0.19093919154369915
1972-01-16,-1.0786455,-0.19059198077956135
1972-02-15,0.9180724,-0.19275062087925426
1972-03-16,-0.3964681,-0.19219679051420652
1972-04-16,1.5366013,-0.1924377183801123
1972-05-16,-0.14320756,-0.1914729160676646
1972-06-16,0.1282464,-0.19099839682892883
1972-07-16,-1.407975,-0.19061848198924325
1972-08-16,-0.44054833,-0.19072185595727614
1972-09-16,1.9196011,-0.19110840144668034
1972-10-16,0.3740378,-0.19067732365819806
1972-11-16,0.07592798,-0.19067458584154
1972-12-16,-0.74770516,-0.19044428840437677
1973-01-16,-0.92504966,-0.19101597874527954
1973-02-15,-0.32624727,-0.19161032024118896
1973-03-16,0.3569651,-0.19177018306698612
1973-04-16,1.1890702,-0.1913148071556639
1973-05-16,1.8603368,-0.19089816707221413
1973-06-16,0.7271071,-0.1903801849940323
1973-07-16,1.0356925,-0.19042020417346323
1973-08-16,-0.6135112,-0.19063236357526714
1973-09-16,-0.43070266,-0.1906559344655573
1973-10-16,1.1779616,-0.19067259664662445
1973-11-16,2.4681952,-0.1903644425482487
1973-12-16,0.16013166,-0.1901979276835402
1974-01-16,-1.0786456,-0.1906521699676525
1974-02-15,1.3542064,-0.19178778637252952
1974-03-16,-0.25572693,-0.19186810279089567
1974-04-16,0.7236544,-0.19196298524945016
1974-05-16,-0.06753097,-0.19065433027610923
1974-06-16,2.0621402,-0.19087406145210795
1974-07-16,0.121683024,-0.19067133468425862
1974-08-16,-1.2196592,-0.19082294128169652
1974-09-16,1.3579468,-0.1909342292510065
1974-10-16,-1.3605516,-0.190690606346828
1974-11-16,-0.88396364,-0.19074084956034115
1974-12-16,-0.1366021,-0.19061747669718915
1975-01-16,1.4979312,-0.1913318971205839
1975-02-15,1.684588,-0.19132207948116176
1975-03-16,0.43925852,-0.19201652239863004
1975-04-16,0.1756411,-0.19184776166869427
1975-05-16,0.8133291,-0.1905846228972929
1975-06-16,-0.1173558,-0.19031817772456672
1975-07-16,1.7012897,-0.19044185003641567
1975-08-16,-1.052347,-0.1907792003827461
1975-09-16,0.6435472,-0.1908953864771708
1975-10-16,-1.7634062,-0.19069892674276523
1975-11-16,-0.32728258,-0.19063516555950305
1975-12-16,1.1432176,-0.1905241342605048
1976-01-16,-1.234606,-0.19065875783898584
1976-02-15,-0.3387029,-0.19252875078399145
1976-03-16,0.3612331,-0.19238033117625708
1976-04-16,0.02186117,-0.19205949328664534
1976-05-16,-0.46629637,-0.19135557495683725
1976-06-16,0.11789361,-0.19086469298573128
1976-07-16,1.0342315,-0.19081102750139556
1976-08-16,0.3307486,-0.19070399598142113
1976-09-16,-0.7271807,-0.19117808743630404
1976-10-16,0.27504063,-0.1908674735807746
1976-11-16,-0.3418666,-0.19064692961545548
1976-12-16,-0.6214445,-0.19063142245079095
1977-01-16,-0.015531758,-0.19112946980143153
1977-02-15,1.4669422,-0.19193864434822494
1977-03-16,-0.79615843,-0.19201023397599365
1977-04-16,-1.3123246,-0.19199440597343947
1977-05-16,-0.5902994,-0.1912128876527306
1977-06-16,0.9120469,-0.19097927489070798
1977-07-16,-0.338246,-0.19079721008294964
1977-08-16,0.6603627,-0.1908416782144498
1977-09-16,-1.3872046,-0.19110906451165222
1977-10-16,1.7213428,-0.19075900898489317
1977-11-16,-0.11087891,-0.19045776359574046
1977-12-16,-0.65892166,-0.19076091262303824
1978-01-16,-0.4673526,-0.1909796171177902
1978-02-15,0.43463588,-0.19171333059294693
1978-03-16,0.21551548,-0.19207273319689
1978-04-16,-0.19082987,-0.19162815882785134
1978-05-16,0.44686356,-0.19119774410434093
1978-06-16,-1.499663,-0.1904888420926475
1978-07-16,0.041496973,-0.19048437175138555
1978-08-16,0.29051793,-0.1906587364497932
1978-09-16,-1.0161793,-0.19084803080466411
1978-10-16,0.556369,-0.19073507447832816
1978-11-16,-1.3780013,-0.1907991351102873
1978-12-16,-1.1847388,-0.19084779552354508
1979-01-16,-1.4922996,-0.19115992801175202
1979-02-15,0.9306873,-0.1918402326728847
1979-03-16,-0.8407769,-0.191866712493374
1979-04-16,1.5581825,-0.19170000512593172
1979-05-16,-0.355681,-0.19062928353152686
1979-06-16,1.4001373,-0.19069755783443626
1979-07-16,0.8078529,-0.1903307545698395
1979-08-16,-0.20490758,-0.19072681824996884
1979-09-16,0.4045879,-0.19090096905645004
1979-10-16,-0.22267061,-0.19059668640194233
1979-11-16,0.13486402,-0.19063238496445978
1979-12-16,-2.1665921,-0.19062293094131255
1980-01-16,-0.94888616,-0.19128460561565513
1980-02-15,0.6040917,-0.19219854442800305
1980-03-16,-0.03964662,-0.19205115150151547
1980-04-16,-0.25208685,-0.19167835926297927
1980-05-16,1.2563435,-0.1909490947398918
1980-06-16,0.99794185,-0.19046982710038984
1980-07-16,-0.013899102,-0.19057803502595955
1980-08-16,1.3642918,-0.19081479199930035
1980-09-16,0.67509604,-0.19128561090770924
1980-10-16,-0.16977014,-0.19092338493033761
1980-11-16,0.28206947,-0.190708466322683
1980-12-16,0.8644071,-0.19080390490024618
1981-01-16,-0.63194746,-0.1910898997950461
1981-02-15,1.2847201,-0.19222083196673478
1981-03-16,-0.57582086,-0.19175717843786055
1981-04-16,1.302042,-0.19173762871578687
1981-05-16,1.6798835,-0.19102436330879474
1981-06-16,-2.1320567,-0.19071293666394495
1981-07-16,0.10612793,-0.19060661098732762
1981-08-16,-1.5815792,-0.1909010760024133
1981-09-16,0.7934675,-0.19112790839036875
1981-10-16,-0.9524323,-0.1907487421724256
1981-11-16,-1.5909013,-0.19077712563105992
1981-12-16,-1.453163,-0.19072221957355107
1982-01-16,-1.5210966,-0.19114228192782334
1982-02-15,0.23430872,-0.19198679142085934
1982-03-16,0.19552447,-0.19189881767152778
1982-04-16,1.2146685,-0.19172665605996214
1982-05-16,0.7823828,-0.19124826537735845
1982-06-16,-0.55614233,-0.19072360987107273
1982-07-16,0.726714,-0.19083408505106236
1982-08-16,-0.7971436,-0.19095335118922735
1982-09-16,0.44165656,-0.1912340201750597
1982-10-16,0.276375,-0.1909317267154675
1982-11-16,-0.8675948,-0.1909488808479654
1982-12-16,-0.2672583,-0.19076033511483692
1983-01-16,-0.8932728,-0.1912433244738584
1983-02-15,-0.33870322,-0.19202011578299366
1983-03-16,0.7349205,-0.19207151401290945
1983-04-16,-1.6628374,-0.19176699607728265
1983-05-16,0.22883913,-0.1912158821397003
1983-06-16,0.01779491,-0.1905739069117799
1983-07-16,0.33062077,-0.19046360284533137
1983-08-16,0.48635155,-0.19060922046882983
1983-09-16,2.0574822,-0.19082749717972897
1983-10-16,-1.3892192,-0.19063018187761777
1983-11-16,-2.3946147,-0.1906801684208193
1983-12-16,0.2627451,-0.1908680938673612
1984-01-16,0.91722625,-0.19085814789278321
1984-02-15,1.9660805,-0.19146414649868182
1984-03-16,1.4769696,-0.19156929576970394
1984-04-16,1.159335,-0.1915504518909874
1984-05-16,0.34810644,-0.19086388019641093
1984-06-16,-0.35029244,-0.1908278180176186
1984-07-16,1.5843116,-0.19080935914436958
1984-08-16,-1.2595732,-0.1908085249658566
1984-09-16,-1.6424093,-0.19105069340493552
1984-10-16,-1.5029069,-0.19106940894849622
1984-11-16,0.06375266,-0.19091121447972498
1984-12-16,1.1097566,-0.19068797547613314
1985-01-16,-1.0415821,-0.19076294459633908
1985-02-15,1.2241807,-0.19183516343422885
1985-03-16,1.7423549,-0.1913237264489951
1985-04-16,-0.15439734,-0.19140759347333963
1985-05-16,1.1427459,-0.19083408505106236
1985-06-16,-2.3806255,-0.19077019553264435
1985-07-16,0.11002118,-0.19105195536730135
1985-08-16,-0.17928925,-0.19121757188591892
1985-09-16,-1.2067902,-0.19103910046252426
1985-10-16,0.002694495,-0.19084850136690223
1985-11-16,1.226481,-0.19082557215239132
1985-12-16,-0.108757205,-0.19062376511982554
1986-01-16,-0.98067015,-0.1911519926212823
1986-02-15,-0.30550614,-0.1915573178218251
1986-03-16,0.4392586,-0.19207192040756965
1986-04-16,0.1136931,-0.19152660294119295
1986-05-16,-0.07458483,-0.19096130796888972
1986-06-16,-0.9034083,-0.19065125023236895
1986-07-16,-0.65331084,-0.19066607294286902
1986-08-16,-1.5615451,-0.19090747137101288
1986-09-16,-0.004314155,-0.19100397940820807
1986-10-16,-0.36949533,-0.19083121889924848
1986-11-16,-1.8965808,-0.19058699709767601
1986-12-16,-0.9099011,-0.19077738230137165
1987-01-16,-1.5603232,-0.19094935141020353
1987-02-15,-1.9862041,-0.19139880251516428
1987-03-16,-0.76145303,-0.1916794287226113
1987-04-16,-0.9681836,-0.19104979505884462
1987-05-16,-0.67508835,-0.19102947532583586
1987-06-16,0.003098281,-0.19036536228353224
1987-07-16,-0.8236034,-0.1903758643771189
1987-08-16,1.0732201,-0.19056265619645085
1987-09-16,1.5213839,-0.190553180784111
1987-10-16,0.6604971,-0.19048067142105873
1987-11-16,-1.0180147,-0.1903582610715755
1987-12-16,1.5571814,-0.1902541812601855
1988-01-16,-0.7610304,-0.19085844734148022
1988-02-15,0.8958509,-0.19081492033445618
1988-03-16,0.4225398,-0.1907446996150165
1988-04-16,-0.44251862,-0.19110598446791194
1988-05-16,1.3775784,-0.19008576275733197
1988-06-16,0.6165827,-0.19008193409184926
1988-07-16,0.68858963,-0.19041770163792426
1988-08-16,1.3711828,-0.19044890846998713
1988-09-16,0.46687317,-0.1901681325381916
1988-10-16,-2.4254262,-0.19017874157774145
1988-11-16,0.45636287,-0.19028650033026567
1988-12-16,-0.35223714,-0.1899842496490588
1989-01-16,-0.89592075,-0.19060624737105275
1989-02-15,-1.4128938,-0.19051136491249826
1989-03-16,-0.746581,-0.19142821265504534
1989-04-16,-0.079007596,-0.19102511193053717
1989-05-16,-0.32881895,-0.19026200970469198
1989-06-16,-0.9242586,-0.19023914465775899
1989-07-16,0.693591,-0.19055303105976246
1989-08-16,-0.7265207,-0.19040788399850211
1989-09-16,1.111625,-0.19059298607161546
1989-10-16,-0.08594722,-0.19045720747673178
1989-11-16,-1.6691084,-0.19041211905864502
1989-12-16,-1.9093802,-0.19033419822985465
1990-01-16,-0.56640726,-0.1906472932317304
1990-02-15,-1.5027761,-0.19151400470672753
1990-03-16,-0.28468257,-0.19087823234467294
1990-04-16,1.2244714,-0.19138654650778109
1990-05-16,-0.55051583,-0.19053465774328404
1990-06-16,-1.4958204,-0.19035250737875514
1990-07-16,0.20830598,-0.19032504365540437
1990-08-16,-2.4524493,-0.19066814769455515
1990-09-16,0.27199343,-0.19058727515718038
1990-10-16,-0.3637164,-0.19057463414432968
1990-11-16,-0.87136495,-0.19040865400943718
1990-12-16,-1.6757714,-0.19035973692586772
1991-01-16,-1.1474296,-0.19052956711543556
1991-02-15,-1.6415582,-0.19086980500277245
1991-03-16,-1.0238969,-0.19116324333661133
1991-04-16,-0.5914237,-0.1908554528545105
1991-05-16,2.1892781,-0.19044629898848497
1991-06-16,0.32582417,-0.1900927998017108
1991-07-16,0.69692045,-0.19013450872736032
1991-08-16,-0.26762384,-0.19028416890826788
1991-09-16,-1.2738113,-0.190633860818752
1991-10-16,-0.83511096,-0.19055422885455037
1991-11-16,-1.2216324,-0.19066489653727375
1991-12-16,-0.9141819,-0.1905233000819918
1992-01-16,-0.9144566,-0.19081027887965313
1992-02-15,-0.4677843,-0.19188031601989353
1992-03-16,-1.0263658,-0.19120200055367642
1992-04-16,-1.359023,-0.19149798420143954
1992-05-16,-0.81271,-0.19065518584381486
1992-06-16,-1.4862039,-0.19027189151169205
1992-07-16,0.4993225,-0.1905858206920808
1992-08-16,-0.9135159,-0.1907534691839992
1992-09-16,-1.2627012,-0.19057288023053315
1992-10-16,-1.5484754,-0.19070703324677613
1992-11-16,-0.77357155,-0.19076253820167893
1992-12-16,-0.26390412,-0.1906754414092457
1993-01-16,-0.65297174,-0.1908462341124823
1993-02-15,-1.2303109,-0.19130511785139764
1993-03-16,0.86344963,-0.19155718948666922
1993-04-16,-0.46904346,-0.1910546717947667
1993-05-16,0.31166044,-0.19061709169172164
1993-06-16,-0.2538575,-0.19052242312509354
1993-07-16,1.0719242,-0.19045844804990492
1993-08-16,-1.2775419,-0.19055057130260877
1993-09-16,0.07160428,-0.19070553600329126
1993-10-16,0.92460465,-0.1906671210133084
1993-11-16,0.78650725,-0.19059634417486004
1993-12-16,1.5774716,-0.19042756205573164
1994-01-16,-1.8492318,-0.19060872851739907
1994-02-15,-0.32209736,-0.1911127648419791
1994-03-16,0.69124705,-0.19087132363544995
1994-04-16,-1.1377865,-0.19074878495081093
1994-05-16,-0.52817684,-0.1903489567727768
1994-06-16,0.78462285,-0.19008328161098564
1994-07-16,-1.6459107,-0.19043228906730525
1994-08-16,0.84858584,-0.1904494004214179
1994-09-16,-0.07235238,-0.1906215406437909
1994-10-16,-0.11428158,-0.1906022903704142
1994-11-16,-0.8763984,-0.19059001297383837
1994-12-16,-1.3115913,-0.19036022887729848
1995-01-16,-0.7003546,-0.19054948045378411
1995-02-15,1.1533797,-0.19093649650542638
1995-03-16,0.57393086,-0.1916362439426696
1995-04-16,-0.003380698,-0.19132640009807522
1995-05-16,-0.41946003,-0.19072912828277405
1995-06-16,0.6575106,-0.19041943416252816
1995-07-16,0.3583469,-0.19023852437117245
1995-08-16,1.7907947,-0.19043410714867975
1995-09-16,0.1855255,-0.19066637239156597
1995-10-16,-0.037987735,-0.19036493449967945
1995-11-16,0.21638645,-0.1904599025150045
1995-12-16,-0.14106041,-0.1902098842422264
1996-01-16,0.114089504,-0.19019889019720904
1996-02-15,-0.7139509,-0.19117000232148584
1996-03-16,-0.4969666,-0.19100626805182064
1996-04-16,0.9432113,-0.19081735870241723
1996-05-16,-0.9480115,-0.19035684938486125
1996-06-16,-0.20468776,-0.19024432084237808
1996-07-16,0.39683577,-0.1901514489679318
1996-08-16,1.8311018,-0.19036283835880063
1996-09-16,-1.8434526,-0.1904817194914981
1996-10-16,0.121960916,-0.1905626775856435
1996-11-16,1.4381224,-0.19054000504144425
1996-12-16,0.4308725,-0.19043930472249143
1997-01-16,-1.991748,-0.19075175804858796
1997-02-15,1.8105617,-0.1914063315109738
1997-03-16,-1.2475317,-0.19089074502236775
1997-04-16,-0.7323462,-0.19080709188994965
1997-05-16,-2.9960072,-0.19068506654593403
1997-06-16,-0.00110491,-0.19027907828041934
1997-07-16,0.31203005,-0.19058404538909163
1997-08-16,0.045318127,-0.1905025953435155
1997-09-16,0.45912692,-0.19051746083240084
1997-10-16,0.29501486,-0.19042976514257365
1997-11-16,0.26959214,-0.19031916162742818
1997-12-16,-0.5428449,-0.19011429594031476
1998-01-16,-0.65560126,-0.1904325029592317
1998-02-15,-1.7818309,-0.19050005002959125
1998-03-16,-1.631809,-0.19045926083922526
1998-04-16,-2.033815,-0.19077261251141275
1998-05-16,-0.16227171,-0.1902986707808783
1998-06-16,0.11167469,-0.18990185847900654
1998-07-16,1.6398636,-0.18985691978526825
1998-08-16,1.6996447,-0.19010869197184288
1998-09-16,0.7008959,-0.19025037398389544
1998-10-16,-0.33917195,-0.1903910293147012
1998-11-16,-0.02904356,-0.1901541653953972
1998-12-16,0.26810455,-0.1901202849142542
1999-01-16,0.44224542,-0.19034583395065124
1999-02-15,1.2241808,-0.19045220240565386
1999-03-16,0.783428,-0.19055433580051356
1999-04-16,1.4545135,-0.19042769039088747
1999-05-16,-0.19816376,-0.19018885866586055
1999-06-16,-0.51974356,-0.19018627057355098
1999-07-16,-0.79250056,-0.19034694618866854
1999-08-16,0.59598005,-0.19024705865903607
1999-09-16,1.4431052,-0.19030722645793463
1999-10-16,0.37664697,-0.1903577691201448
1999-11-16,2.3855872,-0.19024583947505558
1999-12-16,0.26167294,-0.19010541942536885
2000-01-16,1.0083458,-0.190784269621402
2000-02-15,1.1186177,-0.19041008708534413
2000-03-16,1.702724,-0.19062562597958527
2000-04-16,1.6624398,-0.19034123527423347
2000-05-16,-2.1619337,-0.19009389065053545
2000-06-16,0.53909343,-0.18998354380570165
2000-07-16,-0.99498755,-0.19036829260292404
2000-08-16,-1.1518663,-0.19038401365951502
2000-09-16,1.405268,-0.1903159104701468
2000-10-16,1.3686675,-0.19038666591940245
2000-11-16,-0.001845704,-0.19021741323803598
2000-12-16,1.2330213,-0.1900669616570007
2001-01-16,1.6588902,-0.1902183757517048
2001-02-15,-0.63057715,-0.19078379905916387
2001-03-16,1.5321953,-0.19071749256197745
2001-04-16,0.17105511,-0.19077597061465734
2001-05-16,-1.5929389,-0.19003539120866292
2001-06-16,-0.88251287,-0.19022363749309446
2001-07-16,-0.86502206,-0.1903125523669022
2001-08-16,-1.5595421,-0.19040968069068398
2001-09-16,0.61926144,-0.19038392810274446
2001-10-16,-0.49252763,-0.19045049127024255
2001-11-16,-0.694185,-0.19035800440126383
2001-12-16,-0.57278454,-0.19039239822303022
2002-01-16,-1.7895393,-0.19045014904316032
2002-02-15,-1.4794201,-0.19099856794246994
2002-03-16,-1.1421374,-0.1909920870170998
2002-04-16,0.25349212,-0.1907349889215576
2002-05-16,-0.8327525,-0.19036711619732882
2002-06-16,0.9863042,-0.19025116538402315
2002-07-16,-0.61380666,-0.19031298015075498
2002-08-16,0.12441364,-0.19034048665249104
2002-09-16,0.557001,-0.1907596506606724
2002-10-16,-0.7285324,-0.19056503039683398
2002-11-16,0.3243019,-0.19035291377341534
2002-12-16,1.0872309,-0.19024958258376773
2003-01-16,-0.8667995,-0.19002307103370186
2003-02-15,-0.5136901,-0.1908673024672335
2003-03-16,0.40573722,-0.19076754327275686
2003-04-16,-1.5070565,-0.19076882662431532
2003-05-16,-0.95803046,-0.19018103022135402
2003-06-16,1.5708102,-0.19020284719784758
2003-07-16,2.0518951,-0.19024258831777419
2003-08-16,0.9424675,-0.190274394047231
2003-09-16,-0.584939,-0.19022701698553168
2003-10-16,1.2552193,-0.19043173294829663
2003-11-16,0.3573664,-0.19032974927778534
2003-12-16,-0.2247802,-0.19025482293596468
2004-01-16,-0.9409405,-0.19052293646571689
2004-02-15,0.4161407,-0.1908641582559153
2004-03-16,-0.16945675,-0.19076852717561837
2004-04-16,-1.9119121,-0.19045305797335949
2004-05-16,-1.8920053,-0.1903056864360645
2004-06-16,0.411162,-0.190305237263019
2004-07-16,1.1552427,-0.19048163393472756
2004-08-16,-0.9016506,-0.1905243053740459
2004-09-16,-0.4348337,-0.19054986545925162
2004-10-16,-0.001504075,-0.1905987397644358
2004-11-16,-2.043274,-0.1904988522348034
2004-12-16,-1.4080372,-0.19032527893652346
2005-01-16,-0.73463345,-0.19066641516995125
2005-02-15,-1.9641342,-0.19142271563253666
2005-03-16,-0.92500126,-0.19117252624621744
2005-04-16,-1.9044904,-0.19080433268409902
2005-05-16,1.1489689,-0.19014558832914824
2005-06-16,0.31179255,-0.19020154245709653
2005-07-16,0.16999398,-0.1903112476261511
2005-08-16,-0.9293457,-0.19045446966007373
2005-09-16,-1.5402364,-0.1904141082535606
2005-10-16,0.18345252,-0.19055448552486204
2005-11-16,0.352895,-0.19028977287673976
2005-12-16,1.6750605,-0.19013153562958324
2006-01-16,0.26268503,-0.19044972125930748
2006-02-15,1.8665396,-0.19074991857802087
2006-03-16,0.6312451,-0.19064239510661568
2006-04-16,-0.736556,-0.19052122533030563
2006-05-16,1.6551862,-0.19016580111619374
2006-06-16,1.1464672,-0.19038065555627043
2006-07-16,-0.03579307,-0.19047252213866256
2006-08-16,-0.34226242,-0.1903531062761491
2006-09-16,-0.16754402,-0.1905626775856435
2006-10-16,-1.1990753,-0.19061379775605491
2006-11-16,-1.7445151,-0.190396162720935
2006-12-16,-1.0812213,-0.1902298403589603
2007-01-16,0.91543585,-0.1903341126730841
2007-02-15,-1.52219,-0.19072867910972857
2007-03-16,1.0057905,-0.19084364602017279
2007-04-16,0.94112355,-0.1906234656711286
2007-05-16,-1.103116,-0.1901865272438627
2007-06-16,0.24514669,-0.19010473497120434
2007-07-16,0.78214747,-0.1900392626525309
2007-08-16,0.18012966,-0.1902401285606205
2007-09-16,0.51118565,-0.19028722756281546
2007-10-16,0.28170818,-0.19027204123604052
2007-11-16,-1.4735117,-0.19009827543502683
2007-12-16,-0.7966878,-0.19011215702105067
2008-01-16,0.24671297,-0.19006672637588168
2008-02-15,0.639092,-0.1903290434344282
2008-03-16,0.8400759,-0.19065666169810708
2008-04-16,-0.062981606,-0.1902709076088306
2008-05-16,-0.657608,-0.1901375887711006
2008-06-16,-0.034796715,-0.19011799627064163
2008-07-16,0.3895343,-0.19016353386177387
2008-08-16,-0.15197943,-0.1901688169923561
2008-09-16,-0.34379822,-0.19017750100456826
2008-10-16,2.8654835,-0.19037580020954098
2008-11-16,-0.111826755,-0.19003457841934257
2008-12-16,-1.2965208,-0.1901447755398279
2009-01-16,1.5935369,-0.19049872389964756
2009-02-15,-0.7389239,-0.1912738468517568
2009-03-16,2.0651104,-0.19063227801849658
2009-04-16,0.9117994,-0.1906978572831332
2009-05-16,1.1965622,-0.19011795349225635
2009-06-16,-1.2108344,-0.19033235875928756
2009-07-16,0.68190783,-0.19037642049612752
2009-08-16,1.1133912,-0.19045472633038546
2009-09-16,-0.1758342,-0.19030408224661644
2009-10-16,-1.0178009,-0.19051587803214542
2009-11-16,0.21073718,-0.19063101605613075
2009-12-16,-0.2817948,-0.190345192274872
2010-01-16,-0.008235504,-0.19038775676822717
2010-02-15,-1.1820838,-0.19091491481005185
2010-03-16,-1.3012304,-0.1907248718334385
2010-04-16,-0.96219754,-0.19052849765580349
2010-05-16,-1.1629997,-0.18980336124689573
2010-06-16,1.0342052,-0.1897244565152439
2010-07-16,0.42770836,-0.1899845490977558
2010-08-16,-0.3723596,-0.1899818968378683
2010-09-16,-1.3853964,-0.19027717464227434
2010-10-16,-1.0560012,-0.1900880300117519
2010-11-16,0.76151824,-0.19017052812776736
2010-12-16,0.9782736,-0.1898373914523872
2011-01-16,1.957985,-0.189968699706009
2011-02-15,-1.4520897,-0.19027216957119636
2011-03-16,1.9587734,-0.19039605577497176
2011-04-16,-1.4243239,-0.19069732255331717
2011-05-16,-0.62019,-0.18979472001306885
2011-06-16,0.38947508,-0.1899049385227468
2011-07-16,0.32319474,-0.19008417995707655
2011-08-16,0.6884285,-0.19013399538673692
2011-09-16,-0.6522407,-0.19011465955658968
2011-10-16,0.73320216,-0.19023469570568974
2011-11-16,0.43518424,-0.18999853762974284
2011-12-16,1.0828788,-0.1896206761525508
2012-01-16,1.9078164,-0.19012620972061567
2012-02-15,0.4493688,-0.19041868554078573
2012-03-16,1.5706557,-0.19027924939396046
2012-04-16,2.0463398,-0.19039312545558001
2012-05-16,0.7042311,-0.19033434795420312
2012-06-16,-1.6420289,-0.19028044718874837
2012-07-16,-0.4352917,-0.1903435025286534
2012-08-16,0.36097053,-0.19025565711447767
2012-09-16,0.5131036,-0.19019253760699473
2012-10-16,-1.20186,-0.19035817551480494
2012-11-16,-0.45833486,-0.19023775436023738
2012-12-16,1.3143523,-0.18995762010422107
2013-01-16,1.1218469,-0.19026412723476344
2013-02-15,2.4276364,-0.1907331922293758
2013-03-16,-1.8878335,-0.19043868443590484
2013-04-16,1.6009601,-0.19027668269084358
2013-05-16,-0.4342308,-0.1901315142403906
2013-06-16,-0.3116918,-0.18991218945905203
2013-07-16,-0.40013033,-0.19031509768082644
2013-08-16,0.45897508,-0.19043710163564942
2013-09-16,-0.83541185,-0.19040968069068398
2013-10-16,0.5326516,-0.19052620901219092
2013-11-16,-0.09482842,-0.19036880594354744
2013-12-16,0.03308385,-0.18987084414967742
2014-01-16,-0.8641528,-0.1905973494669142
2014-02-15,-2.5237386,-0.19126516283954464
2014-03-16,-1.7056847,-0.1912325015423822
2014-04-16,-1.7830719,-0.19088907666534177
2014-05-16,0.92634463,-0.19013012394286893
2014-06-16,-0.17694747,-0.18988093984860382
2014-07-16,-0.5971752,-0.19006120796418036
2014-08-16,1.218233,-0.1904618275423422
2014-09-16,-1.2848976,-0.19046580593217338
2014-10-16,-0.891027,-0.19058517901630156
2014-11-16,-0.21362208,-0.19046405201837685
2014-12-16,1.3167543,-0.1902025905275359
2015-01-16,-1.1659348,-0.19033751355471396
2015-02-15,-1.7062995,-0.1912046955919492
2015-03-16,-1.8901874,-0.19112330971395097
2015-04-16,1.0157197,-0.19074767271279358
2015-05-16,-1.212813,-0.19026188136953615
2015-06-16,0.27554002,-0.1899048743551689
2015-07-16,-0.27661985,-0.19029772965640213
2015-08-16,1.0662472,-0.19040251531114932
2015-09-16,-0.22559956,-0.19047451133357818
2015-10-16,-1.0701162,-0.19050832764714326
2015-11-16,0.630828,-0.1903604641584175
2015-12-16,-1.0718186,-0.19014411247485602
2016-01-16,-0.10390386,-0.1904201400058853
2016-02-15,0.053492565,-0.190720615384103
2016-03-16,-2.0940585,-0.19097104005154125
2016-04-16,-1.8731083,-0.1905375025059053
2016-05-16,0.40939325,-0.1905366683273923
2016-06-16,-0.07282902,-0.18991370809172953
2016-07-16,1.3143253,-0.1901668064082479
2016-08-16,-0.3817922,-0.19028322778379164
2016-09-16,0.73382354,-0.19037674133401716
2016-10-16,-0.62295246,-0.19028810451971379
2016-11-16,-1.0604028,-0.19020896450694286
2016-12-16,1.1863842,-0.189997575116074
2017-01-16,1.788054,-0.19009955878658524
2017-02-15,-0.042985413,-0.19047855389098728
2017-03-16,0.54383796,-0.1907578539684906
2017-04-16,0.1985614,-0.19051386744803722
2017-05-16,-1.6296134,-0.19021225844260953
2017-06-16,-2.0113506,-0.19005470564961757
2017-07-16,0.77568316,-0.19072478627666795
2017-08-16,0.12611496,-0.19043618190036588
2017-09-16,0.9081557,-0.1906626720612391
2017-10-16,-1.8783958,-0.19051292632356104
2017-11-16,1.0938294,-0.19026853340844746
2017-12-16,-0.91097146,-0.19020975590707057
2018-01-16,1.9088563,-0.1906099904797649
2018-02-15,1.1039821,-0.1915461098848813
2018-03-16,-1.3741925,-0.191346655663506
2018-04-16,-0.93615246,-0.19098340300488764
2018-05-16,-0.3483473,-0.19083844844636105
2018-06-16,0.36570236,-0.19061711308091428
2018-07-16,-0.115982816,-0.19039564938031162
2018-08-16,-1.2995098,-0.1904257439743572
2018-09-16,0.016247002,-0.190693344163486
2018-10-16,0.5476498,-0.19056622819162183
2018-11-16,-0.8475646,-0.19041605467009093
2018-12-16,0.8587949,-0.1903913501525908
2019-01-16,0.5564168,-0.19036908400305175
2019-02-15,-1.6987089,-0.19083455561330043
2019-03-16,-1.845414,-0.19140130505070324
2019-04-16,-1.8000717,-0.19082435296841077
2019-05-16,1.593709,-0.1904534002004417
2019-06-16,0.4190233,-0.18997261392826226
2019-07-16,-0.3258985,-0.19053621915434682
2019-08-16,-1.2336262,-0.19036549061868813
2019-09-16,-0.07854994,-0.1907149900264385
2019-10-16,-0.8924581,-0.19052851904499613
2019-11-16,-2.1327136,-0.19050999600416924
2019-12-16,-1.6118199,-0.19051202797747008
2020-01-16,-1.7869424,-0.1908697836135798
2020-02-15,0.37889078,-0.19128717231877201
2020-03-16,-1.6723624,-0.19132648565484578
2020-04-16,1.0566502,-0.19118471808602266
2020-05-16,-2.0632737,-0.1904652498131647
2020-06-16,2.3949103,-0.19009536650482767
2020-07-16,0.5485781,-0.19058695431929074
2020-08-16,-0.103194505,-0.19053095741295717
2020-09-16,0.63608974,-0.19065584890878673
2020-10-16,-1.3864932,-0.19062562597958527
2020-11-16,0.6395814,-0.19035019734594993
2020-12-16,0.48885465,-0.19038110472931585
2021-01-16,0.43577117,-0.19044826679420795
2021-02-15,-1.8118558,-0.1912947654821595
2021-03-16,0.15525906,-0.19149963116927288
2021-04-16,0.08155166,-0.19125273571862034
2021-05-16,1.67169,-0.19072446543877836
2021-06-16,0.38947514,-0.19031411377796492
2021-07-16,0.072925106,-0.1905678323810699
2021-08-16,0.9350134,-0.19048967627116048
2021-09-16,-0.59516174,-0.1907413415117719
2021-10-16,-1.6110437,-0.1905061031711086
2021-11-16,0.7220069,-0.19032746063417277
2021-12-16,-0.4516132,-0.18996989750079685
2022-01-16,-1.5184798,-0.19036679535943918
2022-02-15,0.9463713,-0.1912538479566377
2022-03-16,-0.023318982,-0.19145464969714932
2022-04-16,1.9801927,-0.19100015074272536
2022-05-16,1.4731803,-0.19045887583375776
2022-06-16,0.3756219,-0.18986051316963187
2022-07-16,-0.4456442,-0.19028511003274406
2022-08-16,-1.0265143,-0.19051594219972334
2022-09-16,0.10224666,-0.1907711794355058
2022-10-16,-0.31177333,-0.19046480064011928
2022-11-16,-0.19781643,-0.19037567187438514
2022-12-16,2.1750348,-0.19001038724246583
2023-01-16,1.3670915,-0.19006287632120633
2023-02-15,0.7045504,-0.19087254281943045
2023-03-16,-1.0707661,-0.1904307490454351
2023-04-16,-1.4917122,-0.19054849655092265
2023-05-16,0.15544674,-0.1898590373153397
2023-06-16,1.0260051,-0.18977084967408175
2023-07-16,1.4943606,-0.1898484496649825
2023-08-16,0.29051793,-0.18995924568286177
2023-09-16,1.5016822,-0.19013947102005296
2023-10-16,-1.1137542,-0.19018575723292763
2023-11-16,0.35214856,-0.19007635151257002
2023-12-16,0.82492423,-0.189897602029671
