time,pre,pre_predicted,pre,tmp
1901-01-16,53.2,,53.2,26.6
1901-02-15,15.5,,15.5,27.7
1901-03-16,28.300001,,28.300001,27.7
1901-04-16,80.4,,80.4,28.9
1901-05-16,239.7,,239.7,28.800001
1901-06-16,227.1,,227.1,28.6
1901-07-16,230.1,,230.1,28.5
1901-08-16,238.1,,238.1,28.4
1901-09-16,277.9,,277.9,27.4
1901-10-16,288.80002,,288.80002,27.6
1901-11-16,315.4,,315.4,26.9
1901-12-16,121.1,,121.1,26.4
1902-01-16,53.2,52.74622096770108,53.2,25.6
1902-02-15,15.5,15.599298798009954,15.5,25.4
1902-03-16,28.300001,26.67008063376494,28.300001,28.300001
1902-04-16,80.4,77.1153111485154,80.4,29.300001
1902-05-16,239.7,239.84685561377444,239.7,28.9
1902-06-16,227.1,227.37179359377626,227.1,29.0
1902-07-16,230.1,230.29297372264557,230.1,28.7
1902-08-16,238.1,237.67389753241903,238.1,28.300001
1902-09-16,277.9,277.64530609731736,277.9,27.6
1902-10-16,288.80002,288.72790816810823,288.80002,27.9
1902-11-16,315.4,321.7360051608141,315.4,26.800001
1902-12-16,121.1,119.5462000580912,121.1,27.0
1903-01-16,53.2,52.26607728881066,53.2,26.4
1903-02-15,15.5,13.79758148789108,15.5,26.7
1903-03-16,28.300001,27.341757740144573,28.300001,28.6
1903-04-16,80.4,76.7075627537786,80.4,29.9
1903-05-16,239.7,239.03506105526458,239.7,29.6
1903-06-16,227.1,226.30843741268018,227.1,28.0
1903-07-16,230.1,230.85883896254722,230.1,28.2
1903-08-16,238.1,240.1475580650453,238.1,28.0
1903-09-16,277.9,281.64293766024934,277.9,27.5
1903-10-16,288.80002,291.3547726327721,288.80002,27.2
1903-11-16,315.4,322.6333838357417,315.4,25.800001
1903-12-16,121.1,124.9536329838284,121.1,24.2
1904-01-16,53.2,52.387625099061125,53.2,24.6
1904-02-15,15.5,13.808927977732566,15.5,25.6
1904-03-16,28.300001,24.32506531624614,28.300001,27.800001
1904-04-16,80.4,79.2443454470308,80.4,28.2
1904-05-16,239.7,240.48345510529617,239.7,28.7
1904-06-16,227.1,226.02582500938854,227.1,28.300001
1904-07-16,230.1,230.54480731006564,230.1,28.1
1904-08-16,238.1,237.78673661928082,238.1,28.5
1904-09-16,277.9,279.33099092704174,277.9,27.9
1904-10-16,288.80002,288.53373112546,288.80002,27.800001
1904-11-16,315.4,322.7473400254694,315.4,26.1
1904-12-16,121.1,121.05823680359195,121.1,25.5
1905-01-16,53.2,53.46376362734719,53.2,26.300001
1905-02-15,15.5,14.37242741601517,15.5,27.5
1905-03-16,28.300001,27.609733756411288,28.300001,28.5
1905-04-16,80.4,80.98656971866123,80.4,29.7
1905-05-16,239.7,237.57564511858027,239.7,28.7
1905-06-16,227.1,225.38934541634194,227.1,28.300001
1905-07-16,230.1,229.60143148598416,230.1,28.6
1905-08-16,238.1,237.3260398881858,238.1,28.800001
1905-09-16,277.9,277.74945985561493,277.9,28.300001
1905-10-16,288.80002,287.7858453785471,288.80002,27.9
1905-11-16,315.4,308.0302525537353,315.4,27.2
1905-12-16,121.1,120.10912632317564,121.1,28.1
1906-01-16,53.2,52.90470920570351,53.2,27.4
1906-02-15,15.5,15.460485607340928,15.5,27.7
1906-03-16,28.300001,28.428938625554736,28.300001,28.2
1906-04-16,80.4,82.81300366077504,80.4,30.300001
1906-05-16,239.7,237.13422279845048,239.7,30.2
1906-06-16,227.1,225.75020180989102,227.1,28.800001
1906-07-16,230.1,233.3444279312723,230.1,28.6
1906-08-16,238.1,241.07407791813543,238.1,28.6
1906-09-16,277.9,276.52937882140674,277.9,28.4
1906-10-16,288.80002,287.0298240814436,288.80002,27.4
1906-11-16,315.4,311.7787584801733,315.4,26.2
1906-12-16,121.1,122.50869837123125,121.1,26.5
1907-01-16,88.4,87.55597678346476,88.4,25.9
1907-02-15,12.900001,11.722378680355604,12.900001,26.800001
1907-03-16,32.2,31.896928909839318,32.2,27.4
1907-04-16,79.0,78.05556083918437,79.0,29.0
1907-05-16,238.2,237.79878495385478,238.2,28.2
1907-06-16,250.6,252.18127964679914,250.6,28.300001
1907-07-16,232.3,231.34214971579286,232.3,28.1
1907-08-16,236.1,235.9643792253214,236.1,28.0
1907-09-16,258.7,259.405057496621,258.7,28.0
1907-10-16,306.5,299.59762318542465,306.5,27.300001
1907-11-16,336.4,335.51929991341785,336.4,26.6
1907-12-16,141.7,138.13312486438784,141.7,24.800001
1908-01-16,52.100002,53.882133272368606,52.100002,25.7
1908-02-15,18.9,19.152001741502858,18.9,26.300001
1908-03-16,25.2,24.54407596501133,25.2,27.9
1908-04-16,84.200005,81.39756999399177,84.200005,29.300001
1908-05-16,284.80002,285.7444890332347,284.80002,28.5
1908-06-16,235.3,236.998199440593,235.3,28.2
1908-07-16,235.1,233.8478114438664,235.1,28.0
1908-08-16,285.5,284.7472846425263,285.5,27.9
1908-09-16,322.30002,324.8903995212218,322.30002,27.7
1908-10-16,288.0,287.2754755865119,288.0,27.5
1908-11-16,293.2,298.0685257642189,293.2,25.7
1908-12-16,142.90001,142.41231898786577,142.90001,25.9
1909-01-16,93.0,93.07890995734103,93.0,25.9
1909-02-15,19.9,20.67408071538395,19.9,26.800001
1909-03-16,28.2,27.6480895710404,28.2,27.9
1909-04-16,77.200005,76.37560189273565,77.200005,28.9
1909-05-16,230.8,233.808876607333,230.8,28.4
1909-06-16,242.7,242.44577496067404,242.7,28.300001
1909-07-16,228.8,227.97277738947852,228.8,27.800001
1909-08-16,261.7,264.67265955682706,261.7,28.1
1909-09-16,279.80002,284.02352480829177,279.80002,27.800001
1909-10-16,291.5,293.8043160257791,291.5,27.6
1909-11-16,300.7,301.3108846644287,300.7,25.800001
1909-12-16,104.9,104.3246675336052,104.9,25.300001
1910-01-16,55.8,53.36821916443452,55.8,26.2
1910-02-15,17.7,19.300968285968224,17.7,26.2
1910-03-16,28.300001,28.26192297405285,28.300001,27.0
1910-04-16,85.0,82.72795177661268,85.0,28.5
1910-05-16,242.3,240.2132302615325,242.3,28.800001
1910-06-16,248.1,249.2286656469746,248.1,28.2
1910-07-16,234.2,233.6763624731378,234.2,28.4
1910-08-16,236.90001,238.33315783574017,236.90001,28.300001
1910-09-16,287.7,292.7327043960174,287.7,27.2
1910-10-16,270.1,268.66171691661077,270.1,27.2
1910-11-16,326.6,326.38548086772744,326.6,26.4
1910-12-16,135.40001,135.92288128162033,135.40001,25.1
1911-01-16,69.0,74.49162837997204,69.0,25.4
1911-02-15,8.900001,7.120394467005582,8.900001,26.300001
1911-03-16,5.4,10.499858735702105,5.4,27.800001
1911-04-16,95.6,88.01197700355841,95.6,28.9
1911-05-16,246.7,248.29764521453757,246.7,28.800001
1911-06-16,242.2,241.96537978742117,242.2,28.4
1911-07-16,73.8,83.90273458204648,73.8,28.2
1911-08-16,182.0,177.8182699712092,182.0,28.5
1911-09-16,277.0,273.80325011674813,277.0,28.0
1911-10-16,229.6,233.98271185015196,229.6,27.5
1911-11-16,302.1,297.429999124036,302.1,27.800001
1911-12-16,154.6,159.08848028309006,154.6,27.0
1912-01-16,54.8,56.61343223322302,54.8,26.0
1912-02-15,19.2,15.213447958926025,19.2,26.9
1912-03-16,43.5,42.734546228057724,43.5,28.5
1912-04-16,53.8,48.56278186055556,53.8,29.5
1912-05-16,256.5,251.08347751110438,256.5,29.7
1912-06-16,345.1,344.9516018264127,345.1,28.7
1912-07-16,310.80002,309.81719603223587,310.80002,28.0
1912-08-16,320.2,319.6982340723433,320.2,27.800001
1912-09-16,214.3,214.73750347445352,214.3,27.6
1912-10-16,222.90001,231.5495536072949,222.90001,27.2
1912-11-16,243.40001,249.46982534575514,243.40001,25.7
1912-12-16,121.9,116.30788261379915,121.9,26.0
1913-01-16,71.6,63.80151542969301,71.6,25.6
1913-02-15,8.8,6.703545485571169,8.8,27.0
1913-03-16,3.0,2.4806860992856343,3.0,28.1
1913-04-16,13.6,20.260986603268236,13.6,29.5
1913-05-16,277.7,278.7515537646261,277.7,28.6
1913-06-16,228.1,234.5742295150251,228.1,28.1
1913-07-16,204.7,207.77816463588206,204.7,27.6
1913-08-16,253.0,257.01906614413855,253.0,28.0
1913-09-16,321.5,315.1509001688278,321.5,27.7
1913-10-16,344.0,352.2840778791748,344.0,27.300001
1913-11-16,261.1,267.41188936315837,261.1,26.1
1913-12-16,173.0,168.7604650965742,173.0,25.9
1914-01-16,68.3,64.31335909566633,68.3,25.2
1914-02-15,5.6,7.029131256960909,5.6,26.800001
1914-03-16,27.4,26.235779113316596,27.4,28.0
1914-04-16,85.4,86.81426727019749,85.4,29.300001
1914-05-16,183.3,185.44515307420966,183.3,29.5
1914-06-16,298.1,304.9307658462306,298.1,28.2
1914-07-16,101.3,108.97110776205069,101.3,27.800001
1914-08-16,292.2,296.260948050584,292.2,27.800001
1914-09-16,254.3,252.65841124204604,254.3,27.800001
1914-10-16,181.5,183.14217971834196,181.5,27.5
1914-11-16,197.6,203.67380149743727,197.6,27.1
1914-12-16,215.2,216.69491041670415,215.2,26.6
1915-01-16,23.6,17.025926888276018,23.6,26.0
1915-02-15,0.0,2.1748806519391337,0.0,27.5
1915-03-16,14.1,16.09724593828051,14.1,28.300001
1915-04-16,125.1,126.16094629261187,125.1,29.2
1915-05-16,182.8,183.93455437932218,182.8,28.9
1915-06-16,225.90001,228.64458901609856,225.90001,28.300001
1915-07-16,176.0,174.81857534942512,176.0,28.2
1915-08-16,272.1,276.759262214819,272.1,28.1
1915-09-16,293.6,290.4628040109905,293.6,27.800001
1915-10-16,620.3,606.5595000975982,620.3,27.2
1915-11-16,531.60004,528.5451768314276,531.60004,26.0
1915-12-16,68.4,73.20153248499452,68.4,24.4
1916-01-16,74.6,78.43498979896626,74.6,24.6
1916-02-15,35.600002,37.063827948349115,35.600002,26.2
1916-03-16,65.8,70.69461328510864,65.8,28.2
1916-04-16,91.5,93.40915129878944,91.5,29.4
1916-05-16,222.7,222.14491022546525,222.7,28.7
1916-06-16,242.1,238.4388527280961,242.1,28.0
1916-07-16,318.30002,312.24132094851547,318.30002,28.1
1916-08-16,346.5,343.8055010757122,346.5,28.0
1916-09-16,223.5,225.46421177882442,223.5,27.6
1916-10-16,239.1,238.87986271444555,239.1,27.1
1916-11-16,309.2,299.16975524169055,309.2,25.5
1916-12-16,144.1,141.93392407210044,144.1,25.0
1917-01-16,74.9,68.83024463520518,74.9,25.300001
1917-02-15,3.5,6.860992653887109,3.5,26.4
1917-03-16,5.1,3.282110901873324,5.1,27.300001
1917-04-16,19.6,21.138596651564825,19.6,29.300001
1917-05-16,225.2,225.8081858822047,225.2,28.800001
1917-06-16,290.0,280.36200083903043,290.0,28.0
1917-07-16,238.90001,238.65277792690398,238.90001,27.800001
1917-08-16,325.1,323.04530820663666,325.1,27.6
1917-09-16,390.4,395.14100993618024,390.4,27.300001
1917-10-16,141.1,143.31384439542106,141.1,26.7
1917-11-16,299.5,301.5543896943569,299.5,25.9
1917-12-16,256.9,257.0157206842472,256.9,25.1
1918-01-16,16.6,20.591906394624687,16.6,25.7
1918-02-15,17.2,14.053310313576304,17.2,25.1
1918-03-16,17.5,13.980762963063995,17.5,27.4
1918-04-16,175.0,170.07548086608375,175.0,28.4
1918-05-16,196.7,199.35241334594954,196.7,28.1
1918-06-16,316.4,321.14987122990954,316.4,28.1
1918-07-16,74.6,72.19363665952831,74.6,28.5
1918-08-16,162.5,165.13832631421624,162.5,28.1
1918-09-16,180.5,183.2879009620079,180.5,28.0
1918-10-16,217.1,218.88659897935716,217.1,27.4
1918-11-16,245.5,243.3310526626728,245.5,27.1
1918-12-16,152.8,151.70718215612595,152.8,26.7
1919-01-16,43.0,39.62432129614635,43.0,26.5
1919-02-15,14.8,20.443594905242975,14.8,27.0
1919-03-16,4.2000003,4.268436699228488,4.2000003,28.4
1919-04-16,89.700005,89.14136215221404,89.700005,29.2
1919-05-16,400.5,394.59686971510143,400.5,29.1
1919-06-16,155.7,157.3445979032792,155.7,28.0
1919-07-16,247.40001,242.14101058301404,247.40001,28.0
1919-08-16,79.8,81.78875485304243,79.8,28.2
1919-09-16,296.80002,295.3058075541746,296.80002,27.9
1919-10-16,261.30002,264.07555930197776,261.30002,27.5
1919-11-16,253.5,254.60541041178487,253.5,26.300001
1919-12-16,192.6,182.6877023551001,192.6,26.2
1920-01-16,151.0,152.20137442707784,151.0,24.9
1920-02-15,13.900001,12.319239138254659,13.900001,26.300001
1920-03-16,58.5,67.4778132305727,58.5,28.2
1920-04-16,55.600002,63.36846553235091,55.600002,29.0
1920-05-16,101.0,102.6232028948126,101.0,29.0
1920-06-16,117.5,120.93465364361735,117.5,28.300001
1920-07-16,124.6,128.82558170129448,124.6,28.0
1920-08-16,229.6,216.57478822856652,229.6,28.2
1920-09-16,287.0,290.3999187229618,287.0,27.7
1920-10-16,245.40001,247.29042783897938,245.40001,26.9
1920-11-16,322.30002,323.3372405231048,322.30002,26.800001
1920-12-16,185.5,175.11605370145625,185.5,25.9
1921-01-16,84.0,92.71257040181956,84.0,25.6
1921-02-15,44.100002,45.87528970841905,44.100002,25.9
1921-03-16,92.9,92.73466681347995,92.9,28.0
1921-04-16,31.6,27.619302239597204,31.6,28.9
1921-05-16,323.30002,322.8038970134937,323.30002,28.4
1921-06-16,180.2,178.1759958448162,180.2,28.2
1921-07-16,225.5,226.1173250920304,225.5,27.5
1921-08-16,341.7,339.9003083127518,341.7,27.9
1921-09-16,235.5,236.31003483170656,235.5,27.2
1921-10-16,195.1,197.77382563586949,195.1,27.0
1921-11-16,165.40001,155.5757941867598,165.40001,25.6
1921-12-16,93.9,92.658703818603,93.9,25.800001
1922-01-16,186.7,186.16229655966418,186.7,26.0
1922-02-15,5.4,6.739093921270438,5.4,26.6
1922-03-16,43.600002,43.21270134687282,43.600002,27.1
1922-04-16,125.9,126.91449358703336,125.9,28.6
1922-05-16,274.4,273.67877210473966,274.4,28.800001
1922-06-16,223.3,226.62929450518496,223.3,28.2
1922-07-16,109.4,113.77755689208563,109.4,27.5
1922-08-16,139.3,144.65709625582355,139.3,27.800001
1922-09-16,193.2,195.30910978536875,193.2,27.800001
1922-10-16,246.3,241.62044064753374,246.3,27.1
1922-11-16,497.80002,494.23860859660357,497.80002,25.800001
1922-12-16,131.3,128.512512160967,131.3,25.2
1923-01-16,61.100002,60.34308193118213,61.100002,25.4
1923-02-15,5.0,6.263465443492208,5.0,25.4
1923-03-16,88.0,86.20589655868604,88.0,27.5
1923-04-16,121.0,120.53652637042141,121.0,28.300001
1923-05-16,235.3,236.77181357343082,235.3,28.1
1923-06-16,187.1,181.65782709209557,187.1,28.0
1923-07-16,89.4,86.67436622019312,89.4,27.1
1923-08-16,126.8,127.4901349391876,126.8,27.5
1923-09-16,314.5,318.8356668961459,314.5,27.2
1923-10-16,178.40001,177.4616524274089,178.40001,27.1
1923-11-16,209.5,206.9749969188754,209.5,26.6
1923-12-16,113.0,113.65577513359102,113.0,26.4
1924-01-16,98.6,103.88286797193172,98.6,26.1
1924-02-15,43.9,46.61333793166531,43.9,26.300001
1924-03-16,61.9,62.69529115720866,61.9,28.1
1924-04-16,144.90001,144.91484288511458,144.90001,28.7
1924-05-16,152.90001,157.3200567324674,152.90001,28.7
1924-06-16,206.0,205.0375486862042,206.0,28.2
1924-07-16,138.3,136.37050615457326,138.3,27.300001
1924-08-16,260.6,255.0362787417502,260.6,28.0
1924-09-16,292.5,291.50342334710786,292.5,27.5
1924-10-16,233.40001,238.51428349071762,233.40001,26.6
1924-11-16,269.6,276.8431034168178,269.6,26.800001
1924-12-16,29.2,26.766642771539665,29.2,24.6
1925-01-16,43.7,43.79475288091689,43.7,25.6
1925-02-15,11.400001,11.44546584116219,11.400001,25.7
1925-03-16,35.3,30.832885505776034,35.3,27.9
1925-04-16,177.2,177.56946601355094,177.2,28.1
1925-05-16,176.5,177.77036906821857,176.5,28.7
1925-06-16,219.90001,221.7495201467259,219.90001,28.1
1925-07-16,154.0,152.29658843809565,154.0,28.0
1925-08-16,303.1,304.9415040706373,303.1,27.9
1925-09-16,194.8,188.23506740209282,194.8,27.800001
1925-10-16,272.80002,270.9752369517603,272.80002,26.9
1925-11-16,400.6,406.51037991594956,400.6,26.5
1925-12-16,160.7,157.6758335247653,160.7,25.1
1926-01-16,90.8,86.37677235621645,90.8,25.9
1926-02-15,16.300001,18.24937092849396,16.300001,26.6
1926-03-16,56.2,63.05033101253747,56.2,27.9
1926-04-16,33.0,38.756548771516435,33.0,29.6
1926-05-16,214.5,211.49308290534208,214.5,29.7
1926-06-16,200.7,203.83651323233497,200.7,28.6
1926-07-16,167.2,163.6024356208709,167.2,28.1
1926-08-16,299.0,298.4712091794698,299.0,27.800001
1926-09-16,293.9,291.78348279018513,293.9,27.6
1926-10-16,192.5,189.8967650431367,192.5,27.0
1926-11-16,293.4,292.08135739205477,293.4,26.4
1926-12-16,280.30002,283.46702627121545,280.30002,26.0
1927-01-16,51.8,53.12638686445206,51.8,25.6
1927-02-15,68.9,67.24573657237148,68.9,26.5
1927-03-16,64.8,58.68145282966293,64.8,28.1
1927-04-16,240.5,235.22974079773368,240.5,28.300001
1927-05-16,237.90001,238.66467419511923,237.90001,28.0
1927-06-16,277.30002,277.08260793177095,277.30002,28.1
1927-07-16,203.40001,207.44099403987707,203.40001,27.800001
1927-08-16,200.1,205.87399115441224,200.1,27.800001
1927-09-16,267.7,260.2405510122637,267.7,27.7
1927-10-16,285.5,280.9659616261396,285.5,26.9
1927-11-16,207.2,207.64396461215244,207.2,26.5
1927-12-16,71.200005,77.89336452151208,71.200005,25.9
1928-01-16,31.800001,35.64649930078818,31.800001,26.7
1928-02-15,62.4,67.57586093969783,62.4,26.4
1928-03-16,11.3,10.513895630351357,11.3,27.7
1928-04-16,108.700005,108.35189354942268,108.700005,28.2
1928-05-16,215.7,216.02049904022095,215.7,28.5
1928-06-16,107.200005,108.60244042149989,107.200005,28.0
1928-07-16,231.6,222.7413700469962,231.6,27.800001
1928-08-16,130.7,130.33648964651718,130.7,27.9
1928-09-16,236.0,232.05784418431014,236.0,27.5
1928-10-16,371.6,365.2029338696278,371.6,26.800001
1928-11-16,166.2,169.17391159323267,166.2,26.300001
1928-12-16,147.8,144.8803121242774,147.8,26.4
1929-01-16,36.8,37.43773572956897,36.8,26.2
1929-02-15,19.1,24.52655324152417,19.1,26.1
1929-03-16,51.600002,51.64370477488657,51.600002,27.1
1929-04-16,51.600002,61.34378384814059,51.600002,28.5
1929-05-16,251.90001,253.2309118390225,251.90001,28.6
1929-06-16,200.40001,199.82990682988662,200.40001,27.800001
1929-07-16,141.0,142.25688962315564,141.0,27.7
1929-08-16,116.6,117.7576481854121,116.6,27.800001
1929-09-16,376.6,371.7503614968931,376.6,27.7
1929-10-16,210.3,203.69071961093096,210.3,26.800001
1929-11-16,292.0,293.9616813122096,292.0,26.2
1929-12-16,42.0,42.226480826227515,42.0,26.6
1930-01-16,55.3,51.32768748668275,55.3,26.0
1930-02-15,3.8,7.7557160162436105,3.8,26.1
1930-03-16,1.7,4.937493585273614,1.7,27.2
1930-04-16,46.100002,45.94417576891033,46.100002,28.300001
1930-05-16,165.40001,172.04307917872035,165.40001,28.9
1930-06-16,230.7,229.6854627709314,230.7,28.1
1930-07-16,115.6,119.43181691281798,115.6,27.800001
1930-08-16,191.8,190.99758255237214,191.8,28.0
1930-09-16,211.0,210.796715486145,211.0,27.9
1930-10-16,231.40001,232.7712605818,231.40001,27.5
1930-11-16,314.5,319.1373197621586,314.5,26.4
1930-12-16,109.1,111.08627477839383,109.1,26.1
1931-01-16,20.7,20.86905318206226,20.7,26.300001
1931-02-15,20.300001,21.798658227622212,20.300001,25.9
1931-03-16,11.900001,18.395085592365547,11.900001,28.4
1931-04-16,70.5,60.04845920990621,70.5,29.5
1931-05-16,168.90001,168.45275881974393,168.90001,29.300001
1931-06-16,244.6,249.42940493787134,244.6,28.6
1931-07-16,223.5,213.91636999447232,223.5,28.1
1931-08-16,146.7,144.35454853777688,146.7,28.1
1931-09-16,338.80002,336.38509557538464,338.80002,27.7
1931-10-16,361.4,367.5240162817696,361.4,26.7
1931-11-16,200.3,197.46360441541458,200.3,26.0
1931-12-16,181.8,184.6602537907184,181.8,25.7
1932-01-16,96.3,97.57689832745831,96.3,25.1
1932-02-15,4.0,6.763939224799628,4.0,26.5
1932-03-16,23.800001,24.265045894208328,23.800001,27.7
1932-04-16,154.7,154.0677871997646,154.7,28.9
1932-05-16,228.40001,227.24115689424042,228.40001,29.300001
1932-06-16,259.4,260.8307205503799,259.4,28.5
1932-07-16,271.9,270.4569597090727,271.9,28.0
1932-08-16,184.7,185.95996715179547,184.7,28.6
1932-09-16,227.7,227.02872019113596,227.7,27.800001
1932-10-16,348.2,346.0698042489977,348.2,27.4
1932-11-16,367.30002,362.8681537877908,367.30002,26.7
1932-12-16,88.5,96.58229076226006,88.5,25.300001
1933-01-16,55.3,55.58613040090418,55.3,26.300001
1933-02-15,28.7,32.13318154419869,28.7,26.800001
1933-03-16,32.3,28.27274308034501,32.3,28.0
1933-04-16,106.4,111.12657821215554,106.4,29.0
1933-05-16,141.7,138.50077453007657,141.7,29.300001
1933-06-16,135.6,132.50431841261948,135.6,28.4
1933-07-16,197.0,204.65187623265643,197.0,28.0
1933-08-16,295.7,291.5752688528877,295.7,28.7
1933-09-16,270.5,269.2425168275486,270.5,27.9
1933-10-16,321.7,317.83398239656196,321.7,27.4
1933-11-16,224.40001,228.77708852852848,224.40001,25.9
1933-12-16,99.200005,90.06038103972598,99.200005,25.7
1934-01-16,37.0,43.483952638557696,37.0,25.6
1934-02-15,13.5,18.155358826580482,13.5,25.800001
1934-03-16,45.8,41.407673669099125,45.8,27.7
1934-04-16,121.4,118.63582555820076,121.4,28.800001
1934-05-16,259.9,250.34898530116925,259.9,29.4
1934-06-16,307.30002,300.0437156973784,307.30002,28.6
1934-07-16,294.0,292.44422281615056,294.0,28.300001
1934-08-16,254.2,253.84707887577042,254.2,28.0
1934-09-16,267.1,269.29693318913894,267.1,28.0
1934-10-16,255.0,254.69976758735845,255.0,27.4
1934-11-16,390.9,392.0170054526882,390.9,26.6
1934-12-16,66.4,67.16776162259481,66.4,24.800001
1935-01-16,175.5,173.03631668451376,175.5,26.2
1935-02-15,24.0,15.858490057708678,24.0,26.800001
1935-03-16,64.1,63.02426917813867,64.1,28.4
1935-04-16,62.9,73.4580918269465,62.9,29.1
1935-05-16,206.40001,208.81053290986335,206.40001,28.800001
1935-06-16,287.7,273.48400434277494,287.7,28.4
1935-07-16,188.7,193.9818898680992,188.7,28.0
1935-08-16,323.80002,327.70837630653546,323.80002,28.300001
1935-09-16,238.8,240.71731561885906,238.8,27.800001
1935-10-16,324.0,320.0743409670582,324.0,27.800001
1935-11-16,258.80002,263.7180922336159,258.80002,26.800001
1935-12-16,321.0,328.60795409495813,321.0,26.300001
1936-01-16,36.8,39.6216776809874,36.8,25.5
1936-02-15,11.900001,11.797756804622168,11.900001,26.300001
1936-03-16,11.1,9.45015635900549,11.1,27.7
1936-04-16,67.5,66.2348696042045,67.5,29.1
1936-05-16,199.7,196.9693258760477,199.7,29.300001
1936-06-16,143.1,143.2476955293864,143.1,28.2
1936-07-16,229.90001,227.594158475492,229.90001,28.0
1936-08-16,238.1,240.77084590147464,238.1,28.0
1936-09-16,301.1,296.27893867055946,301.1,28.0
1936-10-16,307.5,310.111888937985,307.5,27.0
1936-11-16,398.9,402.0347394518551,398.9,26.4
1936-12-16,139.5,136.62403001805734,139.5,27.1
1937-01-16,39.5,44.377295706273685,39.5,26.300001
1937-02-15,47.7,53.5366385054013,47.7,27.0
1937-03-16,87.1,83.74835213572896,87.1,28.5
1937-04-16,154.40001,162.14845605651013,154.40001,29.2
1937-05-16,291.0,294.33364732300294,291.0,28.1
1937-06-16,217.5,217.0006237469295,217.5,28.0
1937-07-16,147.7,151.2719945567029,147.7,27.5
1937-08-16,135.0,137.20736826744425,135.0,27.9
1937-09-16,279.7,280.7826456307263,279.7,27.5
1937-10-16,179.90001,182.37982573470458,179.90001,26.800001
1937-11-16,254.0,254.48818479534518,254.0,26.6
1937-12-16,191.2,187.8711554251486,191.2,25.800001
1938-01-16,83.5,80.97748082937582,83.5,26.0
1938-02-15,34.8,29.496046751616433,34.8,26.5
1938-03-16,67.5,70.99313124464973,67.5,27.5
1938-04-16,80.1,91.30840134299233,80.1,28.5
1938-05-16,230.7,229.60457224116195,230.7,28.0
1938-06-16,287.5,294.49369131682903,287.5,27.5
1938-07-16,219.5,214.06915574402348,219.5,27.2
1938-08-16,290.5,288.9206756725854,290.5,28.0
1938-09-16,234.7,234.8181176352031,234.7,27.4
1938-10-16,367.1,354.17634485719367,367.1,27.1
1938-11-16,305.5,300.87871207300225,305.5,25.7
1938-12-16,114.200005,118.42523119751903,114.200005,26.0
1939-01-16,105.3,97.005251641573,105.3,25.5
1939-02-15,21.2,14.532272553833707,21.2,26.1
1939-03-16,29.0,23.876785388209584,29.0,27.2
1939-04-16,182.40001,179.7322356488734,182.40001,28.4
1939-05-16,277.30002,273.76419245738657,277.30002,28.1
1939-06-16,235.0,236.28855545854012,235.0,27.6
1939-07-16,118.5,119.00503097971311,118.5,27.6
1939-08-16,272.7,265.8785399326151,272.7,27.7
1939-09-16,213.2,211.58790651522747,213.2,27.300001
1939-10-16,286.7,284.42242995939955,286.7,27.0
1939-11-16,354.1,350.57557724693925,354.1,26.800001
1939-12-16,209.1,203.98084979483085,209.1,23.1
1940-01-16,13.2,8.700539395085798,13.2,23.9
1940-02-15,10.7,10.53807418138473,10.7,26.300001
1940-03-16,3.2,3.3270640569876093,3.2,27.5
1940-04-16,10.5,13.720273290610237,10.5,29.4
1940-05-16,254.5,253.71246505608394,254.5,28.7
1940-06-16,319.0,323.040933374471,319.0,28.1
1940-07-16,162.8,160.91880946346907,162.8,27.7
1940-08-16,243.90001,242.47095364045117,243.90001,27.6
1940-09-16,242.5,243.16601387383403,242.5,27.7
1940-10-16,203.3,207.80929876064943,203.3,27.6
1940-11-16,277.5,264.3582097218591,277.5,26.800001
1940-12-16,127.3,131.2000569514584,127.3,26.5
1941-01-16,18.9,22.22722801608873,18.9,27.9
1941-02-15,34.4,30.357549463303002,34.4,27.2
1941-03-16,53.7,50.18802031269652,53.7,28.4
1941-04-16,102.200005,102.35615682281639,102.200005,29.6
1941-05-16,337.30002,337.600959692492,337.30002,29.1
1941-06-16,155.1,155.67645626751334,155.1,28.300001
1941-07-16,150.90001,159.23685318388587,150.90001,28.0
1941-08-16,197.7,200.98890543972263,197.7,28.1
1941-09-16,347.6,348.29782204961487,347.6,28.0
1941-10-16,344.9,347.77367270599905,344.9,27.300001
1941-11-16,345.2,343.92534106378037,345.2,27.0
1941-12-16,165.2,168.35091822471045,165.2,26.800001
1942-01-16,108.4,107.28050417049295,108.4,25.9
1942-02-15,3.9,6.874199032269644,3.9,27.0
1942-03-16,19.5,19.194790875358706,19.5,27.9
1942-04-16,197.3,193.82393093799917,197.3,28.5
1942-05-16,191.3,192.5720063492504,191.3,28.2
1942-06-16,264.30002,267.71999335200366,264.30002,28.0
1942-07-16,162.90001,163.28849754768697,162.90001,27.6
1942-08-16,347.0,335.10472022995174,347.0,27.6
1942-09-16,298.9,298.93933961602283,298.9,27.300001
1942-10-16,245.5,248.14725743448898,245.5,26.9
1942-11-16,473.0,473.5563438876559,473.0,26.1
1942-12-16,197.90001,203.6112685939513,197.90001,25.800001
1943-01-16,36.3,33.503334528325865,36.3,24.4
1943-02-15,55.5,55.77455231674617,55.5,25.7
1943-03-16,74.1,74.11872657620205,74.1,27.5
1943-04-16,172.0,179.12547918024663,172.0,27.5
1943-05-16,243.5,245.16392603020697,243.5,28.300001
1943-06-16,160.40001,155.01223333706307,160.40001,27.7
1943-07-16,189.1,192.4048902644984,189.1,27.5
1943-08-16,288.30002,279.63298301800853,288.30002,27.7
1943-09-16,310.9,312.11650956025903,310.9,27.2
1943-10-16,387.80002,390.01742641507565,387.80002,26.9
1943-11-16,198.90001,199.94574703406798,198.90001,25.800001
1943-12-16,106.4,100.38388539400279,106.4,25.0
1944-01-16,33.3,31.618097695043815,33.3,26.1
1944-02-15,34.2,36.492491243887315,34.2,26.800001
1944-03-16,7.5,3.9366396019564434,7.5,27.7
1944-04-16,138.2,139.33140777094695,138.2,29.1
1944-05-16,279.5,272.6756780669847,279.5,28.5
1944-06-16,342.30002,338.50877245910885,342.30002,27.9
1944-07-16,257.4,257.62658294455883,257.4,27.5
1944-08-16,379.6,373.1105716806437,379.6,27.7
1944-09-16,288.2,287.39295854602017,288.2,27.7
1944-10-16,247.7,245.32165393641588,247.7,27.300001
1944-11-16,346.2,337.98886927612443,346.2,26.2
1944-12-16,204.3,209.94531641425283,204.3,24.7
1945-01-16,90.200005,81.63516783075502,90.200005,25.9
1945-02-15,47.7,39.803361887397756,47.7,27.0
1945-03-16,48.2,49.11499329605772,48.2,27.1
1945-04-16,169.1,174.5258037436311,169.1,28.4
1945-05-16,210.0,214.00443981098425,210.0,28.300001
1945-06-16,225.2,227.72017762155886,225.2,27.800001
1945-07-16,300.2,303.34354398376473,300.2,28.0
1945-08-16,235.40001,232.0044571949941,235.40001,28.0
1945-09-16,107.5,117.66295763359058,107.5,27.4
1945-10-16,460.0,455.3796648736024,460.0,26.6
1945-11-16,199.7,202.44059742890852,199.7,27.1
1945-12-16,193.1,197.0782254938044,193.1,26.4
1946-01-16,93.9,88.63141346701838,93.9,25.5
1946-02-15,15.5,15.120149399157242,15.5,26.6
1946-03-16,53.5,50.24270571476765,53.5,28.6
1946-04-16,220.40001,223.65620418529082,220.40001,28.6
1946-05-16,266.9,269.48251263381445,266.9,28.1
1946-06-16,150.40001,149.70916472304316,150.40001,28.2
1946-07-16,253.6,250.03569935871593,253.6,27.800001
1946-08-16,191.1,192.86124306333014,191.1,27.800001
1946-09-16,353.4,354.9098661819155,353.4,27.5
1946-10-16,233.90001,234.15933692578244,233.90001,26.9
1946-11-16,307.7,293.0339595500151,307.7,26.5
1946-12-16,172.7,174.42414592066334,172.7,27.4
1947-01-16,41.5,40.04991994191212,41.5,27.800001
1947-02-15,23.800001,23.46720049975619,23.800001,27.0
1947-03-16,68.700005,71.05360686576365,68.700005,28.0
1947-04-16,174.0,174.94555075893996,174.0,28.300001
1947-05-16,291.9,284.659361043667,291.9,29.1
1947-06-16,238.7,237.3584943583561,238.7,28.2
1947-07-16,143.90001,155.255217832148,143.90001,27.6
1947-08-16,256.6,253.68706412547488,256.6,27.9
1947-09-16,184.0,174.32042935314703,184.0,27.9
1947-10-16,436.7,433.4480463563967,436.7,27.6
1947-11-16,293.5,288.3411741744026,293.5,26.300001
1947-12-16,144.90001,156.1149483858851,144.90001,26.2
1948-01-16,15.0,12.010263692199885,15.0,25.2
1948-02-15,3.7,5.022030783298817,3.7,27.1
1948-03-16,65.200005,72.48661004568292,65.200005,27.9
1948-04-16,100.0,110.90592407697517,100.0,28.300001
1948-05-16,233.40001,226.95417843184225,233.40001,28.300001
1948-06-16,249.5,242.91892358706423,249.5,28.1
1948-07-16,256.6,253.38850522499106,256.6,27.6
1948-08-16,287.4,291.5397087197762,287.4,27.9
1948-09-16,185.0,184.74927182870744,185.0,27.5
1948-10-16,250.7,252.9209889025789,250.7,27.0
1948-11-16,189.90001,193.6120531975648,189.90001,24.800001
1948-12-16,19.6,18.721993171334788,19.6,26.4
1949-01-16,47.7,46.372347845361816,47.7,24.800001
1949-02-15,51.7,46.94342720675505,51.7,26.2
1949-03-16,12.8,13.539138862573651,12.8,27.800001
1949-04-16,130.2,127.22007093484181,130.2,28.2
1949-05-16,279.0,278.4279974942544,279.0,28.4
1949-06-16,246.6,247.29398970099663,246.6,28.4
1949-07-16,261.80002,261.3243279507214,261.80002,27.800001
1949-08-16,267.4,263.71140131383305,267.4,27.9
1949-09-16,245.1,247.81887013287547,245.1,27.7
1949-10-16,289.4,295.3031054519546,289.4,27.4
1949-11-16,265.5,267.7888033793156,265.5,26.5
1949-12-16,86.200005,81.02810722941085,86.200005,26.7
1950-01-16,90.9,86.63112088726118,90.9,25.9
1950-02-15,37.600002,41.830687186766994,37.600002,26.5
1950-03-16,33.3,29.303390372555242,33.3,27.7
1950-04-16,180.3,176.32675925977995,180.3,28.6
1950-05-16,347.7,346.43953605405943,347.7,28.2
1950-06-16,209.2,207.6592355837896,209.2,27.6
1950-07-16,224.2,225.45969657771224,224.2,27.6
1950-08-16,217.5,220.2143254494069,217.5,28.300001
1950-09-16,434.4,435.5904507970655,434.4,27.5
1950-10-16,240.40001,242.00368881240146,240.40001,27.2
1950-11-16,257.5,256.7645070596741,257.5,26.800001
1950-12-16,165.5,166.0976310893716,165.5,24.9
1951-01-16,52.9,63.88380672457433,52.9,25.0
1951-02-15,15.6,18.605662406928985,15.6,25.7
1951-03-16,46.100002,39.63641642036913,46.100002,27.300001
1951-04-16,85.0,88.42818262732139,85.0,28.6
1951-05-16,322.4,319.46096376312187,322.4,28.2
1951-06-16,170.90001,170.59860961048446,170.90001,27.800001
1951-07-16,397.1,397.163071400056,397.1,27.300001
1951-08-16,221.2,226.81601737190377,221.2,27.7
1951-09-16,349.5,350.93706237639446,349.5,27.5
1951-10-16,283.6,276.7164438374326,283.6,27.0
1951-11-16,311.7,307.037668640849,311.7,26.6
1951-12-16,136.40001,140.53770925357446,136.40001,25.6
1952-01-16,25.300001,26.712249804773762,25.300001,25.800001
1952-02-15,31.2,26.638754963872657,31.2,27.1
1952-03-16,53.4,59.235921865721195,53.4,27.5
1952-04-16,92.6,93.99618593043401,92.6,28.5
1952-05-16,275.9,274.5367948362944,275.9,28.6
1952-06-16,233.8,234.51351409696093,233.8,27.7
1952-07-16,135.5,141.58975696141871,135.5,27.5
1952-08-16,323.30002,326.0949405433121,323.30002,27.2
1952-09-16,126.1,129.55365788063364,126.1,27.300001
1952-10-16,427.0,430.54853860799517,427.0,26.800001
1952-11-16,338.2,337.20606675377144,338.2,26.0
1952-12-16,155.6,152.91546927447573,155.6,24.4
1953-01-16,243.2,239.69330953242974,243.2,25.6
1953-02-15,53.8,55.84997723066158,53.8,26.0
1953-03-16,11.7,14.056772747589775,11.7,27.2
1953-04-16,89.200005,80.22442482626705,89.200005,28.6
1953-05-16,314.7,315.08959403144706,314.7,28.1
1953-06-16,227.8,225.05896955465312,227.8,27.9
1953-07-16,258.80002,268.4733944287725,258.80002,27.4
1953-08-16,233.6,229.91369390486932,233.6,27.800001
1953-09-16,262.1,256.86994753331453,262.1,27.2
1953-10-16,232.5,229.77886660741007,232.5,27.4
1953-11-16,502.2,495.9796982192498,502.2,26.2
1953-12-16,89.9,82.9091095994737,89.9,25.5
1954-01-16,76.0,83.10405867132759,76.0,26.5
1954-02-15,11.8,13.722905208356963,11.8,26.300001
1954-03-16,43.8,45.01839577714233,43.8,27.6
1954-04-16,102.8,97.62099757148141,102.8,28.800001
1954-05-16,209.40001,207.24330484921353,209.40001,28.0
1954-06-16,247.40001,251.50926916417157,247.40001,28.0
1954-07-16,334.1,338.774292018812,334.1,27.6
1954-08-16,316.80002,316.7017313819154,316.80002,27.5
1954-09-16,257.4,257.7522131516698,257.4,26.800001
1954-10-16,253.2,251.1301852780498,253.2,26.7
1954-11-16,146.8,146.15284143047197,146.8,25.4
1954-12-16,102.700005,109.58649107218066,102.700005,25.1
1955-01-16,77.700005,79.78263696200578,77.700005,24.5
1955-02-15,9.0,9.734731003194952,9.0,26.0
1955-03-16,5.2000003,3.5287157460365393,5.2000003,27.2
1955-04-16,89.9,89.26210284102216,89.9,28.1
1955-05-16,176.0,177.19789771477264,176.0,28.300001
1955-06-16,200.5,205.56207088483416,200.5,27.4
1955-07-16,190.8,183.37865314135675,190.8,27.5
1955-08-16,197.8,199.18339012607754,197.8,27.5
1955-09-16,252.5,249.50102234411312,252.5,27.4
1955-10-16,344.2,341.7146705254672,344.2,26.7
1955-11-16,453.80002,447.1922015677534,453.80002,25.1
1955-12-16,74.200005,71.02972075003548,74.200005,24.4
1956-01-16,50.3,50.05679874255031,50.3,24.4
1956-02-15,8.7,8.246761683311604,8.7,26.4
1956-03-16,37.9,39.64014789486339,37.9,27.5
1956-04-16,166.7,165.2598858218789,166.7,28.300001
1956-05-16,305.80002,304.86967026226966,305.80002,27.800001
1956-06-16,321.7,321.30265113075455,321.7,27.6
1956-07-16,221.3,224.08861364931454,221.3,27.300001
1956-08-16,227.90001,230.60164503598295,227.90001,27.4
1956-09-16,304.4,307.8746652739604,304.4,27.1
1956-10-16,295.1,297.8089133976807,295.1,26.6
1956-11-16,188.40001,194.09516093673838,188.40001,25.1
1956-12-16,173.1,168.38380549913248,173.1,24.6
1957-01-16,38.8,40.07967815856858,38.8,25.1
1957-02-15,6.3,6.178355072268829,6.3,25.800001
1957-03-16,33.9,38.054540275282164,33.9,27.1
1957-04-16,56.600002,49.653354995505936,56.600002,28.7
1957-05-16,205.40001,205.8158286965624,205.40001,29.2
1957-06-16,144.1,139.04683312675746,144.1,28.300001
1957-07-16,281.80002,284.7096774622785,281.80002,27.7
1957-08-16,200.3,195.53321337774594,200.3,27.6
1957-09-16,247.90001,244.0440216341457,247.90001,27.2
1957-10-16,227.7,233.171812143676,227.7,26.800001
1957-11-16,201.40001,204.00692405773012,201.40001,26.6
1957-12-16,90.700005,86.97721222225105,90.700005,26.300001
1958-01-16,36.4,37.680889837130906,36.4,26.2
1958-02-15,11.7,11.955952607319432,11.7,26.1
1958-03-16,15.400001,13.289796823953822,15.400001,27.9
1958-04-16,20.0,25.593719854646906,20.0,29.2
1958-05-16,172.40001,170.45458376050036,172.40001,29.7
1958-06-16,196.1,194.08466113849147,196.1,28.300001
1958-07-16,166.2,163.71088525380173,166.2,27.7
1958-08-16,323.80002,320.51230377752756,323.80002,27.6
1958-09-16,220.1,216.31369613938404,220.1,27.300001
1958-10-16,425.1,427.69034611951145,425.1,26.800001
1958-11-16,274.6,279.253238228097,274.6,25.1
1958-12-16,39.7,37.92728412787437,39.7,24.9
1959-01-16,16.6,14.222981277649325,16.6,25.5
1959-02-15,3.8,5.6624173120227965,3.8,27.0
1959-03-16,76.0,76.44986876284248,76.0,27.0
1959-04-16,128.40001,124.87933687019105,128.40001,28.7
1959-05-16,133.8,135.87230751994025,133.8,28.6
1959-06-16,248.8,247.89689187230098,248.8,28.6
1959-07-16,353.7,359.02514446812665,353.7,27.2
1959-08-16,318.6,315.87719249280525,318.6,27.6
1959-09-16,235.1,230.25544549993015,235.1,27.300001
1959-10-16,324.5,337.6889944167673,324.5,26.6
1959-11-16,256.4,255.13262447739913,256.4,26.5
1959-12-16,201.5,197.13575336704199,201.5,26.9
1960-01-16,37.0,40.726673725189926,37.0,25.9
1960-02-15,44.100002,44.951989568039096,44.100002,26.1
1960-03-16,6.2000003,4.306991369865159,6.2000003,28.0
1960-04-16,55.100002,54.71917669512882,55.100002,29.2
1960-05-16,266.4,262.73446853848066,266.4,28.5
1960-06-16,191.7,189.6343092915717,191.7,28.0
1960-07-16,268.5,272.2369022863669,268.5,27.800001
1960-08-16,264.4,265.2479909275578,264.4,27.9
1960-09-16,256.0,256.1468252080453,256.0,27.4
1960-10-16,239.6,234.72699479410494,239.6,27.0
1960-11-16,320.9,322.5421557179337,320.9,26.4
1960-12-16,109.8,109.40516363684266,109.8,25.4
1961-01-16,71.5,78.04210881514548,71.5,25.2
1961-02-15,29.2,31.733504363885203,29.2,26.6
1961-03-16,26.9,29.626110277954098,26.9,27.5
1961-04-16,157.1,159.57849950223684,157.1,28.6
1961-05-16,281.2,278.47408529835286,281.2,28.1
1961-06-16,187.3,187.37323862504098,187.3,27.7
1961-07-16,158.6,154.9078602522866,158.6,27.5
1961-08-16,176.6,173.92020385663633,176.6,27.7
1961-09-16,269.1,266.94372383436865,269.1,27.0
1961-10-16,200.3,203.28351953239138,200.3,26.6
1961-11-16,281.7,283.0317363194356,281.7,26.300001
1961-12-16,133.90001,146.1481975578255,133.90001,26.0
1962-01-16,67.5,71.18386924810885,67.5,25.1
1962-02-15,12.6,11.395155271256783,12.6,25.300001
1962-03-16,51.9,51.6552384233234,51.9,27.1
1962-04-16,27.800001,30.45880226337306,27.800001,28.6
1962-05-16,199.8,203.51393881350043,199.8,28.6
1962-06-16,226.3,218.169053395358,226.3,27.800001
1962-07-16,210.1,217.44722948284382,210.1,27.4
1962-08-16,262.2,259.71594546957175,262.2,27.300001
1962-09-16,199.2,198.7221790743895,199.2,27.1
1962-10-16,332.0,327.10946880150004,332.0,27.0
1962-11-16,270.0,268.28450461644223,270.0,26.5
1962-12-16,88.1,100.88156349379256,88.1,25.7
1963-01-16,29.300001,37.54443952372782,29.300001,23.6
1963-02-15,2.7,5.338352204220058,2.7,25.300001
1963-03-16,4.9,5.307985722128819,4.9,26.9
1963-04-16,18.800001,14.88562798180459,18.800001,28.2
1963-05-16,100.3,104.53150702496825,100.3,29.1
1963-06-16,236.8,234.23564791867258,236.8,27.9
1963-07-16,257.2,250.81267072108338,257.2,27.6
1963-08-16,196.2,194.9675049562767,196.2,27.5
1963-09-16,377.2,377.64234802592296,377.2,27.5
1963-10-16,417.1,420.19085441524743,417.1,26.9
1963-11-16,415.4,412.28986073436556,415.4,26.800001
1963-12-16,105.200005,106.40581847524828,105.200005,25.800001
1964-01-16,97.5,96.80871757036495,97.5,26.2
1964-02-15,41.0,39.554043243602365,41.0,26.7
1964-03-16,15.400001,14.691404149507576,15.400001,27.5
1964-04-16,26.2,24.277819468339146,26.2,28.800001
1964-05-16,372.5,374.64713205083797,372.5,28.1
1964-06-16,163.90001,159.91439654248768,163.90001,27.800001
1964-07-16,225.40001,223.1083558845421,225.40001,27.7
1964-08-16,266.80002,266.88735985364576,266.80002,27.4
1964-09-16,279.7,282.70188099259,279.7,27.5
1964-10-16,182.3,182.01111087341667,182.3,27.1
1964-11-16,398.80002,389.87869510629207,398.80002,25.4
1964-12-16,132.5,129.09380921192366,132.5,25.1
1965-01-16,48.4,42.66274751192674,48.4,24.4
1965-02-15,35.0,33.29221963280088,35.0,26.4
1965-03-16,28.7,35.95018751652509,28.7,27.1
1965-04-16,108.0,99.2528918511686,108.0,28.300001
1965-05-16,292.9,294.33441935220867,292.9,28.300001
1965-06-16,163.1,163.07487355724345,163.1,27.800001
1965-07-16,166.90001,169.8876642913235,166.90001,27.5
1965-08-16,351.6,350.5511413528373,351.6,27.800001
1965-09-16,233.40001,235.35977215618777,233.40001,27.2
1965-10-16,264.80002,257.1822567418485,264.80002,27.1
1965-11-16,283.9,284.4584872325298,283.9,26.6
1965-12-16,261.80002,262.8651988173142,261.80002,26.5
1966-01-16,55.0,61.69433189718163,55.0,26.4
1966-02-15,24.1,22.672267760943754,24.1,27.0
1966-03-16,38.100002,41.68925377576343,38.100002,28.0
1966-04-16,35.5,36.37444095988698,35.5,29.1
1966-05-16,256.1,255.37617629697613,256.1,28.300001
1966-06-16,215.7,216.08619463153258,215.7,28.0
1966-07-16,260.30002,262.1998090699962,260.30002,27.6
1966-08-16,250.1,250.22937341263918,250.1,27.6
1966-09-16,470.4,466.8384498722875,470.4,27.4
1966-10-16,395.0,387.8744020115598,395.0,27.1
1966-11-16,313.1,313.9642210951787,313.1,26.4
1966-12-16,227.0,227.61466988779824,227.0,26.5
1967-01-16,219.1,214.00389734349312,219.1,25.0
1967-02-15,22.9,21.525418375862017,22.9,25.9
1967-03-16,29.5,25.26561913963249,29.5,27.2
1967-04-16,45.2,56.698121497606934,45.2,28.4
1967-05-16,314.80002,312.2204527651369,314.80002,28.4
1967-06-16,197.6,200.69724728135313,197.6,28.1
1967-07-16,189.90001,189.42700629024992,189.90001,27.6
1967-08-16,244.0,243.56922952134033,244.0,27.5
1967-09-16,167.3,162.12263109470854,167.3,27.6
1967-10-16,326.7,324.210545923709,326.7,26.7
1967-11-16,212.90001,213.73894072175253,212.90001,26.4
1967-12-16,55.2,64.80318823186471,55.2,25.2
1968-01-16,13.1,9.010193291048608,13.1,25.4
1968-02-15,9.3,10.1826951011019,9.3,25.800001
1968-03-16,24.6,17.72414542295499,24.6,27.5
1968-04-16,93.8,93.06999652923874,93.8,28.0
1968-05-16,209.8,212.78536182987287,209.8,28.2
1968-06-16,305.2,303.4598630507583,305.2,28.0
1968-07-16,304.5,302.3942755882836,304.5,27.800001
1968-08-16,215.6,221.2661041167704,215.6,27.9
1968-09-16,227.0,223.22947381489394,227.0,27.5
1968-10-16,275.6,282.45620024399125,275.6,27.1
1968-11-16,135.0,136.68391491985477,135.0,26.800001
1968-12-16,95.6,114.13587202283259,95.6,26.800001
1969-01-16,126.9,126.35266102999034,126.9,26.9
1969-02-15,13.0,16.27044952084026,13.0,26.7
1969-03-16,31.4,25.967042765256366,31.4,28.2
1969-04-16,51.5,45.6564896130736,51.5,29.1
1969-05-16,219.0,221.77220435334974,219.0,29.1
1969-06-16,254.5,259.380726879229,254.5,28.2
1969-07-16,195.8,197.04053241068567,195.8,27.6
1969-08-16,217.1,214.56014584838348,217.1,27.9
1969-09-16,252.40001,255.57548265487742,252.40001,27.4
1969-10-16,281.7,278.8796989153617,281.7,27.4
1969-11-16,378.30002,380.17669765743597,378.30002,25.7
1969-12-16,80.5,73.81062843606284,80.5,25.300001
1970-01-16,101.0,100.02720790096491,101.0,26.1
1970-02-15,12.7,12.011047418817782,12.7,26.2
1970-03-16,46.7,42.185984385164375,46.7,27.9
1970-04-16,96.0,103.04871965869292,96.0,28.5
1970-05-16,259.6,257.9877639412967,259.6,28.800001
1970-06-16,261.0,263.5625868357264,261.0,28.0
1970-07-16,311.4,311.5225617579997,311.4,27.6
1970-08-16,303.7,302.4505050487661,303.7,27.7
1970-09-16,274.6,272.741692412779,274.6,27.7
1970-10-16,277.0,283.9108319390826,277.0,26.9
1970-11-16,358.5,357.85458442849983,358.5,26.1
1970-12-16,285.80002,282.34850801850087,285.80002,26.2
1971-01-16,12.1,13.253417871987807,12.1,24.5
1971-02-15,22.1,21.86299399476468,22.1,25.5
1971-03-16,71.700005,71.05057723600186,71.700005,26.800001
1971-04-16,18.2,20.953192668072433,18.2,28.5
1971-05-16,278.7,277.80220933596564,278.7,28.2
1971-06-16,252.40001,255.09079453134433,252.40001,27.5
1971-07-16,170.6,168.8508524628798,170.6,27.5
1971-08-16,267.6,268.0352620058262,267.6,27.4
1971-09-16,253.1,248.55526902100044,253.1,27.7
1971-10-16,407.2,406.41553729776933,407.2,26.6
1971-11-16,288.6,284.7022788490571,288.6,24.9
1971-12-16,130.7,136.90128208220477,130.7,25.9
1972-01-16,17.9,13.905922919759007,17.9,24.7
1972-02-15,11.1,15.118149141669704,11.1,26.5
1972-03-16,26.800001,24.884739700736844,26.800001,27.0
1972-04-16,127.1,123.83654766410919,127.1,27.9
1972-05-16,150.90001,148.26917818803588,150.90001,29.1
1972-06-16,213.3,212.0838314653626,213.3,28.1
1972-07-16,181.2,183.43354105487668,181.2,28.2
1972-08-16,145.0,149.50787272941963,145.0,27.9
1972-09-16,307.1,303.8717523294166,307.1,27.6
1972-10-16,237.7,243.77081102591603,237.7,27.7
1972-11-16,358.1,354.6141439038921,358.1,26.9
1972-12-16,294.9,294.22954035435424,294.9,26.4
1973-01-16,24.6,21.491729828703768,24.6,26.1
1973-02-15,5.8,8.407975418358433,5.8,27.300001
1973-03-16,47.8,47.90461526527582,47.8,27.9
1973-04-16,53.5,56.63368045375458,53.5,29.4
1973-05-16,224.2,225.9954819221217,224.2,28.800001
1973-06-16,281.4,281.5551602790425,281.4,28.300001
1973-07-16,403.1,401.7800399984442,403.1,28.0
1973-08-16,253.90001,252.7523882517229,253.90001,28.0
1973-09-16,298.6,295.2199134563333,298.6,27.4
1973-10-16,313.2,319.75190179955234,313.2,27.1
1973-11-16,483.7,483.06793086059463,483.7,25.7
1973-12-16,148.1,150.00738439857295,148.1,24.6
1974-01-16,30.1,21.370158623628896,30.1,24.6
1974-02-15,10.5,15.491144524737365,10.5,25.6
1974-03-16,37.100002,37.62133831158138,37.100002,26.800001
1974-04-16,116.700005,115.37025899217083,116.700005,28.2
1974-05-16,224.7,226.96439319705263,224.7,28.0
1974-06-16,206.1,204.57386545955487,206.1,27.800001
1974-07-16,267.6,268.42751132938776,267.6,27.7
1974-08-16,218.7,218.2636883844715,218.7,27.9
1974-09-16,351.7,348.08516309567847,351.7,27.6
1974-10-16,252.7,254.77488251985034,252.7,27.1
1974-11-16,371.9,368.3400979418536,371.9,26.2
1974-12-16,160.3,163.2786834188447,160.3,25.5
1975-01-16,196.6,194.5552048060146,196.6,25.7
1975-02-15,27.4,29.674420590371994,27.4,26.4
1975-03-16,23.4,21.423697679303643,23.4,27.6
1975-04-16,83.0,76.48132310426905,83.0,28.6
1975-05-16,348.0,335.8054654056676,348.0,28.0
1975-06-16,326.0,324.59337883044327,326.0,27.300001
1975-07-16,137.6,143.99592634995946,137.6,27.5
1975-08-16,218.2,218.95759934710497,218.2,27.6
1975-09-16,326.9,328.58693384522087,326.9,27.300001
1975-10-16,318.1,314.00333724160134,318.1,26.9
1975-11-16,351.2,352.81833378693807,351.2,25.800001
1975-12-16,101.3,102.70509647767885,101.3,24.2
1976-01-16,7.2000003,9.612036846548165,7.2000003,24.800001
1976-02-15,0.6,7.228525345453761,0.6,25.7
1976-03-16,28.9,26.939717682565146,28.9,27.2
1976-04-16,122.4,122.20412115216656,122.4,28.5
1976-05-16,317.6,321.240619753817,317.6,27.800001
1976-06-16,216.5,217.07396359711888,216.5,27.9
1976-07-16,256.80002,257.4235392634572,256.80002,27.6
1976-08-16,220.6,218.85324673279987,220.6,27.6
1976-09-16,189.5,188.53673306215018,189.5,27.5
1976-10-16,312.1,308.18568776715153,312.1,27.300001
1976-11-16,280.2,280.37267472766996,280.2,25.7
1976-12-16,41.0,40.92931969427653,41.0,25.4
1977-01-16,36.8,39.98426236719018,36.8,26.0
1977-02-15,24.300001,25.632613750237596,24.300001,25.7
1977-03-16,21.1,15.420188022285316,21.1,27.0
1977-04-16,16.0,15.650814201372782,16.0,28.800001
1977-05-16,139.6,138.13727159701548,139.6,28.7
1977-06-16,221.6,221.8724160837333,221.6,28.6
1977-07-16,210.3,207.96448686623276,210.3,27.9
1977-08-16,225.3,225.2631186412084,225.3,27.800001
1977-09-16,295.30002,296.1929159011838,295.30002,27.6
1977-10-16,269.9,269.7567058246696,269.9,27.6
1977-11-16,331.9,327.97605988749694,331.9,26.1
1977-12-16,54.0,57.2571525244262,54.0,25.9
1978-01-16,60.5,69.44314224524102,60.5,26.6
1978-02-15,11.8,11.551304026817661,11.8,26.6
1978-03-16,13.8,18.106791171094017,13.8,28.2
1978-04-16,132.7,130.54972177365175,132.7,28.9
1978-05-16,204.1,208.7381171552384,204.1,28.6
1978-06-16,203.90001,201.52178397719848,203.90001,28.0
1978-07-16,232.7,234.03785345129916,232.7,27.7
1978-08-16,177.40001,180.33550775083881,177.40001,27.800001
1978-09-16,236.2,235.05108037237903,236.2,27.300001
1978-10-16,192.8,189.9868265268491,192.8,27.1
1978-11-16,143.1,144.8969750879673,143.1,26.4
1978-12-16,75.3,68.06206387811183,75.3,26.300001
1979-01-16,11.5,11.145181572377737,11.5,26.7
1979-02-15,4.6,10.141052313642405,4.6,27.2
1979-03-16,1.3000001,6.013725692857349,1.3000001,28.6
1979-04-16,85.9,88.29637618656477,85.9,29.300001
1979-05-16,188.6,192.4967415436646,188.6,29.1
1979-06-16,319.2,318.0850439547763,319.2,28.4
1979-07-16,312.9,319.1574861008047,312.9,27.9
1979-08-16,205.2,207.72134591825957,205.2,28.300001
1979-09-16,245.8,239.4915788858484,245.8,27.9
1979-10-16,131.1,135.16918192084012,131.1,27.4
1979-11-16,234.8,228.51155142270707,234.8,26.300001
1979-12-16,53.7,52.018220821541234,53.7,26.2
1980-01-16,11.1,10.399413057074383,11.1,26.1
1980-02-15,11.5,13.001326941499173,11.5,27.0
1980-03-16,21.7,20.10790256970577,21.7,28.4
1980-04-16,81.1,83.05805274911462,81.1,29.5
1980-05-16,142.0,145.88832784821875,142.0,29.6
1980-06-16,363.7,367.4406137327286,363.7,28.1
1980-07-16,233.5,236.07489052715385,233.5,28.0
1980-08-16,335.5,340.3245734535259,335.5,27.4
1980-09-16,208.8,209.3079331961132,208.8,27.5
1980-10-16,193.40001,191.9469083382819,193.40001,27.2
1980-11-16,292.30002,294.2027649778107,292.30002,26.2
1980-12-16,183.5,178.78337081411345,183.5,25.5
1981-01-16,6.0,9.058819433596113,6.0,25.1
1981-02-15,12.1,13.93372766857675,12.1,26.4
1981-03-16,8.8,10.693977291289258,8.8,27.6
1981-04-16,117.4,119.48388209455456,117.4,28.2
1981-05-16,232.90001,233.03882133993335,232.90001,28.1
1981-06-16,157.6,155.10501136198863,157.6,27.9
1981-07-16,125.5,133.0916045386265,125.5,27.6
1981-08-16,218.6,211.9796601609467,218.6,27.9
1981-09-16,318.7,316.6461920687532,318.7,27.300001
1981-10-16,185.40001,184.9651468399127,185.40001,27.1
1981-11-16,412.5,411.46021007612063,412.5,26.1
1981-12-16,95.3,97.91536879839487,95.3,24.9
1982-01-16,2.2,1.4089574954018644,2.2,25.2
1982-02-15,14.0,13.148024187996214,14.0,26.5
1982-03-16,59.9,60.355457793297916,59.9,27.7
1982-04-16,150.90001,151.22945984156257,150.90001,27.9
1982-05-16,227.6,227.70721981318576,227.6,28.6
1982-06-16,163.40001,155.30202795145024,163.40001,27.800001
1982-07-16,320.6,321.19342069555887,320.6,27.300001
1982-08-16,281.7,282.66847318332475,281.7,27.2
1982-09-16,174.0,176.57973919359637,174.0,27.1
1982-10-16,222.0,223.52234484869174,222.0,26.9
1982-11-16,226.3,223.79299079929487,226.3,27.1
1982-12-16,62.5,69.51998254603355,62.5,25.300001
1983-01-16,35.4,28.443150981387106,35.4,25.800001
1983-02-15,0.0,4.945061810972021,0.0,26.9
1983-03-16,35.4,30.36122245073622,35.4,28.2
1983-04-16,20.2,20.10828858430861,20.2,29.7
1983-05-16,163.3,168.09831553243774,163.3,29.300001
1983-06-16,298.0,296.6076944406575,298.0,28.300001
1983-07-16,266.2,264.0174231633054,266.2,27.800001
1983-08-16,290.6,290.838548285927,290.6,27.7
1983-09-16,278.80002,277.140387299371,278.80002,27.300001
1983-10-16,231.6,238.3610620125617,231.6,26.800001
1983-11-16,287.1,284.31721758529716,287.1,25.6
1983-12-16,117.700005,115.80200462805176,117.700005,25.4
1984-01-16,54.7,51.84228004452487,54.7,25.2
1984-02-15,26.9,26.697394091269956,26.9,26.4
1984-03-16,24.9,27.82171426043965,24.9,27.4
1984-04-16,113.6,115.85150222780875,113.6,28.7
1984-05-16,165.90001,165.29458327084006,165.90001,28.0
1984-06-16,286.2,291.81656307190855,286.2,27.5
1984-07-16,273.80002,269.3377864012744,273.80002,27.4
1984-08-16,118.1,118.53540327439747,118.1,27.7
1984-09-16,294.0,297.8113698542444,294.0,26.800001
1984-10-16,180.2,184.2534558107235,180.2,26.6
1984-11-16,244.90001,239.11195107005898,244.90001,26.4
1984-12-16,205.90001,205.56856294860944,205.90001,26.1
1985-01-16,26.7,27.574910560268904,26.7,26.0
1985-02-15,32.2,29.11664118665894,32.2,27.1
1985-03-16,41.600002,46.445082354469434,41.600002,27.6
1985-04-16,119.200005,117.6163375972367,119.200005,28.4
1985-05-16,323.4,322.38378445405334,323.4,27.9
1985-06-16,202.7,208.43270795773043,202.7,27.7
1985-07-16,240.3,237.23713955540708,240.3,27.1
1985-08-16,180.7,176.55618206758655,180.7,27.5
1985-09-16,353.80002,357.0628099909835,353.80002,26.9
1985-10-16,312.30002,315.9940028511116,312.30002,26.7
1985-11-16,247.3,241.46565464049507,247.3,26.5
1985-12-16,115.3,122.7681001843497,115.3,25.6
1986-01-16,28.300001,31.12707542280026,28.300001,24.9
1986-02-15,3.3,9.69795433921388,3.3,26.300001
1986-03-16,7.0,12.507719541157684,7.0,27.300001
1986-04-16,67.3,65.2440987902104,67.3,28.800001
1986-05-16,426.4,421.914163971338,426.4,28.2
1986-06-16,241.5,242.6977547657467,241.5,27.9
1986-07-16,209.8,212.2214149655733,209.8,27.6
1986-08-16,188.1,189.2003539414159,188.1,27.9
1986-09-16,391.0,392.12165050229845,391.0,27.2
1986-10-16,361.2,360.77858655806426,361.2,26.9
1986-11-16,332.0,319.76869928348265,332.0,26.2
1986-12-16,59.0,61.60670658233357,59.0,25.9
1987-01-16,28.1,26.69280870568454,28.1,26.2
1987-02-15,0.2,1.0581988929410784,0.2,26.6
1987-03-16,12.400001,12.336644887619741,12.400001,28.2
1987-04-16,26.800001,24.960585721491725,26.800001,29.5
1987-05-16,181.1,181.26491174712643,181.1,29.4
1987-06-16,155.90001,153.51804976694436,155.90001,28.9
1987-07-16,89.3,88.62114313909998,89.3,28.6
1987-08-16,433.0,432.5938311325155,433.0,28.5
1987-09-16,237.7,234.70847486622705,237.7,28.0
1987-10-16,218.3,212.0475153869872,218.3,27.800001
1987-11-16,571.0,568.400927233122,571.0,27.6
1987-12-16,148.1,145.85238462485745,148.1,25.2
1988-01-16,50.3,47.72624142652026,50.3,26.7
1988-02-15,32.100002,37.59016470804781,32.100002,27.5
1988-03-16,22.5,23.76609277648791,22.5,28.4
1988-04-16,113.5,113.95614128426092,113.5,29.4
1988-05-16,310.0,305.20199374309107,310.0,28.7
1988-06-16,218.2,214.535566660982,218.2,28.2
1988-07-16,286.1,285.9169498301192,286.1,27.800001
1988-08-16,278.2,273.6750640250698,278.2,28.2
1988-09-16,364.5,365.22522913729574,364.5,27.9
1988-10-16,205.1,206.93381910355117,205.1,27.2
1988-11-16,435.9,434.7802646327342,435.9,25.800001
1988-12-16,34.4,37.33897447829915,34.4,25.5
1989-01-16,43.3,42.962341633390935,43.3,26.9
1989-02-15,8.3,6.359934001969322,8.3,26.4
1989-03-16,31.1,28.414948520554304,31.1,27.6
1989-04-16,88.1,92.71481630496345,88.1,29.300001
1989-05-16,245.1,247.50491743792628,245.1,28.5
1989-06-16,183.8,179.64559145447427,183.8,28.1
1989-07-16,225.2,229.03727406826485,225.2,28.2
1989-08-16,199.8,202.70991864757914,199.8,28.0
1989-09-16,185.5,183.99390339342287,185.5,27.800001
1989-10-16,360.0,357.91348089896576,360.0,27.2
1989-11-16,200.2,202.76594340334802,200.2,26.6
1989-12-16,11.400001,13.156305955839287,11.400001,26.1
1990-01-16,35.100002,41.20188109612866,35.100002,26.800001
1990-02-15,5.2000003,2.8087400246512004,5.2000003,27.5
1990-03-16,11.5,18.89482243670389,11.5,28.2
1990-04-16,98.4,98.57084498886681,98.4,29.7
1990-05-16,248.3,250.81655426193635,248.3,29.1
1990-06-16,120.6,121.67482494717932,120.6,28.800001
1990-07-16,181.5,182.78084373089234,181.5,28.2
1990-08-16,180.1,177.15942785037447,180.1,28.5
1990-09-16,264.5,260.8718369542901,264.5,28.0
1990-10-16,351.6,345.39101511599574,351.6,27.6
1990-11-16,307.6,303.2296579785103,307.6,27.0
1990-12-16,63.4,66.9876565668325,63.4,26.6
1991-01-16,23.9,19.89421424349507,23.9,27.1
1991-02-15,16.6,15.222291202555056,16.6,27.2
1991-03-16,30.9,28.10267440425693,30.9,28.5
1991-04-16,106.8,104.1526161461479,106.8,29.5
1991-05-16,269.5,264.15772777403095,269.5,29.5
1991-06-16,139.6,136.11007496918052,139.6,28.9
1991-07-16,306.4,306.88006940617436,306.4,28.300001
1991-08-16,282.9,286.5784209443476,282.9,28.1
1991-09-16,245.6,242.6961229767437,245.6,27.800001
1991-10-16,250.3,248.3881130005521,250.3,27.300001
1991-11-16,198.90001,195.45662109864662,198.90001,26.4
1991-12-16,129.2,130.26452716661527,129.2,26.6
1992-01-16,32.2,37.77216474458774,32.2,25.800001
1992-02-15,5.3,4.612937186158149,5.3,26.9
1992-03-16,1.4,4.16890341875299,1.4,28.5
1992-04-16,11.6,15.955075590307843,11.6,30.2
1992-05-16,176.8,171.91793880074562,176.8,29.9
1992-06-16,156.1,155.6423846301053,156.1,28.800001
1992-07-16,226.6,221.86031803515746,226.6,28.2
1992-08-16,223.0,226.50805667635802,223.0,28.300001
1992-09-16,171.0,168.28943077744057,171.0,28.1
1992-10-16,373.1,378.67165011572934,373.1,26.9
1992-11-16,197.7,194.8408095535666,197.7,25.9
1992-12-16,71.4,74.50045992618888,71.4,26.6
1993-01-16,79.0,80.19626915508306,79.0,26.0
1993-02-15,1.4,1.420806973968297,1.4,26.2
1993-03-16,69.3,68.854505068124,69.3,27.800001
1993-04-16,104.8,108.74803811124941,104.8,28.800001
1993-05-16,187.90001,196.64721789152495,187.90001,29.5
1993-06-16,185.1,175.34956036829985,185.1,29.0
1993-07-16,207.40001,212.30010491967118,207.40001,28.4
1993-08-16,245.2,243.21166887368076,245.2,28.1
1993-09-16,285.80002,289.00778045259017,285.80002,27.7
1993-10-16,333.2,340.2693733653176,333.2,27.4
1993-11-16,279.30002,280.5297651249136,279.30002,26.800001
1993-12-16,164.8,164.19732798916598,164.8,26.0
1994-01-16,14.6,10.116569629891643,14.6,26.6
1994-02-15,23.1,20.596187647492712,23.1,27.7
1994-03-16,77.5,79.5783299603857,77.5,27.7
1994-04-16,112.4,106.07763002964231,112.4,29.4
1994-05-16,260.5,252.58490470373272,260.5,28.800001
1994-06-16,274.80002,275.74073929036206,274.80002,28.0
1994-07-16,195.6,199.56772615028058,195.6,28.1
1994-08-16,382.4,380.57747439449696,382.4,28.0
1994-09-16,308.0,309.5803819220905,308.0,27.7
1994-10-16,157.2,161.02316792648026,157.2,27.1
1994-11-16,266.4,262.31907003616004,266.4,26.5
1994-12-16,72.6,75.04754789514406,72.6,27.4
1995-01-16,41.7,34.414317293651095,41.7,26.5
1995-02-15,7.7000003,14.14079525947787,7.7000003,26.300001
1995-03-16,52.2,55.182452705615674,52.2,28.0
1995-04-16,51.5,52.196805213716544,51.5,29.4
1995-05-16,142.0,141.05726151419265,142.0,29.4
1995-06-16,272.4,264.52846555654247,272.4,28.800001
1995-07-16,386.30002,389.1814708516507,386.30002,28.2
1995-08-16,352.80002,345.67425625519354,352.80002,27.9
1995-09-16,265.1,265.1200797250664,265.1,27.7
1995-10-16,217.8,219.0470933235532,217.8,27.300001
1995-11-16,362.7,361.1501548568426,362.7,26.800001
1995-12-16,70.4,66.85029385527722,70.4,25.800001
1996-01-16,40.4,37.80050757436706,40.4,26.4
1996-02-15,33.8,27.504129518999974,33.8,26.2
1996-03-16,6.6,4.620938216108215,6.6,28.0
1996-04-16,159.0,162.01249118571366,159.0,28.9
1996-05-16,198.7,187.71076050895633,198.7,28.5
1996-06-16,226.3,221.51352777978815,226.3,28.6
1996-07-16,247.8,244.08741318473025,247.8,28.300001
1996-08-16,282.1,280.37925452203683,282.1,28.2
1996-09-16,213.6,214.8566094499056,213.6,27.4
1996-10-16,349.9,341.93872275889396,349.9,27.2
1996-11-16,346.9,347.49031459267917,346.9,26.800001
1996-12-16,206.5,205.88564616350072,206.5,25.6
1997-01-16,29.5,20.908941357690594,29.5,25.7
1997-02-15,37.7,42.50521846172532,37.7,26.800001
1997-03-16,21.0,17.140889055453528,21.0,28.0
1997-04-16,71.4,79.41923345694846,71.4,28.4
1997-05-16,154.1,152.9233065406549,154.1,29.300001
1997-06-16,268.9,260.7066285529743,268.9,28.800001
1997-07-16,247.7,249.18680645738928,247.7,28.2
1997-08-16,362.5,358.05699644934225,362.5,28.300001
1997-09-16,271.0,270.3879683718716,271.0,28.0
1997-10-16,205.2,208.45760005090847,205.2,27.7
1997-11-16,290.0,288.3220313593247,290.0,27.2
1997-12-16,94.9,101.83291402864664,94.9,27.6
1998-01-16,14.400001,10.685473272614246,14.400001,27.9
1998-02-15,0.3,2.3526345278476697,0.3,28.300001
1998-03-16,6.9,6.138244645808555,6.9,29.2
1998-04-16,27.800001,27.179970831899567,27.800001,29.800001
1998-05-16,177.1,174.27266297039682,177.1,30.0
1998-06-16,248.90001,251.17443658843163,248.90001,29.0
1998-07-16,270.1,273.16760688867436,270.1,28.7
1998-08-16,397.30002,400.36739031576633,397.30002,28.4
1998-09-16,336.9,340.08580587554184,336.9,27.7
1998-10-16,352.30002,348.81397036328065,352.30002,27.800001
1998-11-16,432.7,434.3634390461242,432.7,26.9
1998-12-16,133.6,136.65756649885685,133.6,26.6
1999-01-16,99.200005,102.49766041829321,99.200005,26.5
1999-02-15,48.600002,49.501475795400864,48.600002,26.6
1999-03-16,45.2,43.01781076207993,45.2,28.2
1999-04-16,162.2,160.51074523860265,162.2,28.5
1999-05-16,279.7,272.7389844618529,279.7,28.0
1999-06-16,208.5,210.88900368193435,208.5,27.9
1999-07-16,160.6,168.29958997994297,160.6,27.9
1999-08-16,278.30002,275.7927869259803,278.30002,27.9
1999-09-16,272.80002,270.96025841542826,272.80002,27.800001
1999-10-16,377.2,372.2695979273817,377.2,27.0
1999-11-16,307.4,306.8403215994925,307.4,26.7
1999-12-16,96.700005,93.37291271576991,96.700005,24.6
2000-01-16,69.1,71.47619927659206,69.1,26.6
2000-02-15,41.7,45.5574125316742,41.7,26.5
2000-03-16,70.5,71.01971946259788,70.5,28.0
2000-04-16,135.6,144.754094122203,135.6,28.4
2000-05-16,224.2,215.92321312506584,224.2,28.6
2000-06-16,254.40001,258.7855099077451,254.40001,28.0
2000-07-16,121.1,125.44266084729055,121.1,28.2
2000-08-16,333.6,333.20678000701207,333.6,28.4
2000-09-16,219.7,213.48858100827064,219.7,27.800001
2000-10-16,280.1,279.2327794541457,280.1,27.5
2000-11-16,232.2,232.71491707154846,232.2,26.6
2000-12-16,162.90001,167.01553287401768,162.90001,27.300001
2001-01-16,119.3,128.56044815619424,119.3,27.1
2001-02-15,18.300001,18.782480489860916,18.300001,27.2
2001-03-16,100.0,101.89960097564287,100.0,27.7
2001-04-16,78.1,76.13594531142382,78.1,29.6
2001-05-16,263.0,263.8808383296619,263.0,28.6
2001-06-16,291.1,292.3694529573188,291.1,28.2
2001-07-16,257.30002,257.8808028040693,257.30002,28.4
2001-08-16,247.7,251.08069352699894,247.7,28.300001
2001-09-16,403.80002,404.2461586245495,403.80002,28.1
2001-10-16,244.8,246.6818407253421,244.8,27.5
2001-11-16,171.7,167.69337159227774,171.7,25.9
2001-12-16,130.6,140.41366989452376,130.6,26.300001
2002-01-16,8.2,14.973931746560709,8.2,26.5
2002-02-15,0.4,2.365852603642395,0.4,27.2
2002-03-16,48.100002,45.005259583233055,48.100002,28.2
2002-04-16,63.5,69.22881056135891,63.5,29.2
2002-05-16,217.3,222.6894510829122,217.3,28.6
2002-06-16,214.1,212.36054252419544,214.1,28.800001
2002-07-16,147.2,151.51607275982923,147.2,28.9
2002-08-16,315.7,313.9425808825944,315.7,28.0
2002-09-16,179.8,184.76188163906738,179.8,27.7
2002-10-16,168.7,167.147941731503,168.7,27.7
2002-11-16,345.7,348.40918141383236,345.7,27.2
2002-12-16,286.30002,286.6947984984023,286.30002,27.800001
2003-01-16,33.4,34.29968265401541,33.4,26.5
2003-02-15,7.7000003,8.715944886963342,7.7000003,27.300001
2003-03-16,91.1,89.47742880494191,91.1,28.0
2003-04-16,52.2,46.0649983396039,52.2,29.5
2003-05-16,223.90001,230.09493653396882,223.90001,29.1
2003-06-16,213.0,202.65893620756003,213.0,28.6
2003-07-16,269.9,267.04885432658557,269.9,28.0
2003-08-16,254.2,254.13571252199597,254.2,28.6
2003-09-16,288.6,292.03115209885925,288.6,27.800001
2003-10-16,506.9,507.3273344071372,506.9,27.5
2003-11-16,215.7,215.21738103721617,215.7,27.6
2003-12-16,124.4,123.61705742144349,124.4,26.2
2004-01-16,38.7,39.96362813205576,38.7,26.7
2004-02-15,22.4,26.064306747763595,22.4,26.800001
2004-03-16,10.2,8.786258031743984,10.2,28.5
2004-04-16,28.4,31.6451772043047,28.4,29.800001
2004-05-16,167.7,175.98631485053335,167.7,28.9
2004-06-16,272.5,270.1820529760729,272.5,28.4
2004-07-16,188.40001,190.93640709701847,188.40001,28.0
2004-08-16,208.0,208.5731836431095,208.0,28.1
2004-09-16,325.0,327.63212087635327,325.0,27.7
2004-10-16,241.3,241.48052497576413,241.3,27.2
2004-11-16,224.2,209.6901549130597,224.2,27.6
2004-12-16,63.4,57.33702245498051,63.4,26.300001
2005-01-16,18.0,17.337475765016507,18.0,26.1
2005-02-15,2.4,1.9841777407166319,2.4,27.9
2005-03-16,34.2,29.764549151432504,34.2,28.0
2005-04-16,29.800001,29.88589810567541,29.800001,29.5
2005-05-16,228.2,230.91467948407382,228.2,29.1
2005-06-16,246.3,248.56241613985935,246.3,28.5
2005-07-16,225.6,230.95737796298505,225.6,28.1
2005-08-16,157.8,161.89127382735808,157.8,28.5
2005-09-16,250.0,250.83674984411297,250.0,27.9
2005-10-16,306.2,312.57605409625165,306.2,27.300001
2005-11-16,378.7,380.1227959819828,378.7,26.9
2005-12-16,205.40001,210.32769019755804,205.40001,26.0
2006-01-16,49.5,45.20471215878695,49.5,26.5
2006-02-15,19.9,15.88317159746697,19.9,27.5
2006-03-16,66.0,61.34836923372603,66.0,28.2
2006-04-16,108.3,107.58932755018904,108.3,28.9
2006-05-16,268.4,271.5434387497504,268.4,28.2
2006-06-16,346.0,343.69940554698815,346.0,28.2
2006-07-16,212.2,215.34334608275157,212.2,28.1
2006-08-16,304.9,304.40281484364726,304.9,28.0
2006-09-16,329.1,330.1799459267296,329.1,27.6
2006-10-16,216.5,219.6787009444153,216.5,27.6
2006-11-16,155.3,155.05580327318378,155.3,27.6
2006-12-16,140.7,141.72086740614898,140.7,26.800001
2007-01-16,35.7,46.44250892378375,35.7,26.6
2007-02-15,2.3,2.8881186638928114,2.3,26.9
2007-03-16,45.3,43.24265841953678,45.3,28.5
2007-04-16,157.2,154.79584875733852,157.2,29.1
2007-05-16,331.1,336.16473972421556,331.1,28.300001
2007-06-16,246.8,249.33264394408906,246.8,28.800001
2007-07-16,297.80002,296.6950975046736,297.80002,28.0
2007-08-16,246.2,243.46790068809094,246.2,28.300001
2007-09-16,301.7,302.44694903545496,301.7,27.9
2007-10-16,265.4,270.0766885356118,265.4,27.2
2007-11-16,265.4,264.0769278992061,265.4,26.300001
2007-12-16,69.5,72.06202907477922,69.5,27.300001
2008-01-16,96.700005,90.04061241309492,96.700005,26.7
2008-02-15,35.600002,45.45475604213922,35.600002,26.4
2008-03-16,48.5,52.10770602493031,48.5,27.9
2008-04-16,130.40001,124.72877362895935,130.40001,28.7
2008-05-16,299.30002,303.7079651636841,299.30002,28.0
2008-06-16,203.7,207.36588788044435,203.7,28.1
2008-07-16,253.40001,249.18676551644654,253.40001,27.9
2008-08-16,193.40001,188.15154532012076,193.40001,28.300001
2008-09-16,222.2,223.63765793823546,222.2,27.800001
2008-10-16,182.6,181.92569344512285,182.6,27.800001
2008-11-16,268.9,274.6651797839803,268.9,26.4
2008-12-16,60.600002,56.80284842910265,60.600002,26.0
2009-01-16,41.100002,37.28716663963115,41.100002,25.2
2009-02-15,4.5,4.102286656230007,4.5,27.4
2009-03-16,89.0,88.19470227965525,89.0,27.9
2009-04-16,204.2,204.3055743442468,204.2,28.800001
2009-05-16,253.40001,254.398132267464,253.40001,28.2
2009-06-16,169.40001,160.38691935732476,169.40001,28.6
2009-07-16,275.0,276.307075351105,275.0,28.1
2009-08-16,282.6,286.8547957025795,282.6,28.7
2009-09-16,238.5,236.8634832685497,238.5,27.9
2009-10-16,181.5,184.83278842751753,181.5,27.5
2009-11-16,215.1,208.51835640991538,215.1,26.9
2009-12-16,66.4,70.04640118761769,66.4,27.1
2010-01-16,83.9,93.3763634523712,83.9,26.9
2010-02-15,6.6,5.680045312219846,6.6,27.9
2010-03-16,35.9,34.594937035550544,35.9,28.7
2010-04-16,32.7,35.92348232445485,32.7,30.0
2010-05-16,133.7,137.5229644488086,133.7,29.9
2010-06-16,320.0,317.9603963302908,320.0,29.0
2010-07-16,268.5,269.5276646449363,268.5,28.4
2010-08-16,240.6,239.31676106040402,240.6,28.1
2010-09-16,286.2,281.10920813603536,286.2,28.2
2010-10-16,293.7,292.2669602315547,293.7,27.4
2010-11-16,302.9,303.9290813466467,302.9,27.0
2010-12-16,188.7,192.35758145161475,188.7,26.800001
2011-01-16,124.4,121.1007276534365,124.4,26.2
2011-02-15,13.7,12.468264169781037,13.7,27.1
2011-03-16,51.0,49.980753865787904,51.0,26.7
2011-04-16,75.1,75.00445462857081,75.1,28.4
2011-05-16,198.40001,192.25221797070705,198.40001,28.7
2011-06-16,236.5,237.44106346677736,236.5,28.4
2011-07-16,337.5,337.96297120549656,337.5,28.0
2011-08-16,362.4,363.3055668198864,362.4,28.2
2011-09-16,194.0,192.65209871340872,194.0,27.6
2011-10-16,295.30002,299.32544779817533,295.30002,27.1
2011-11-16,299.9,295.5242801219782,299.9,27.300001
2011-12-16,207.40001,209.37387735743422,207.40001,26.300001
2012-01-16,181.90001,179.6190017743496,181.90001,26.7
2012-02-15,47.600002,46.22813045025279,47.600002,27.5
2012-03-16,75.4,71.95236583533182,75.4,28.300001
2012-04-16,145.0,144.7137117309089,145.0,28.9
2012-05-16,231.1,234.41853695854033,231.1,28.7
2012-06-16,215.8,217.70472461777243,215.8,28.6
2012-07-16,265.9,256.80302663807413,265.9,28.0
2012-08-16,293.4,288.8003911828534,293.4,28.300001
2012-09-16,276.6,285.9372272941813,276.6,27.4
2012-10-16,220.40001,215.70725988741646,220.40001,27.6
2012-11-16,451.2,446.7181054509744,451.2,27.6
2012-12-16,141.3,140.833045516995,141.3,27.7
2013-01-16,75.1,73.1306110747791,75.1,26.800001
2013-02-15,23.800001,30.13678420270665,23.800001,27.6
2013-03-16,5.9,3.960818152989816,5.9,28.6
2013-04-16,163.2,167.51300334474075,163.2,29.300001
2013-05-16,199.0,196.17292474645907,199.0,29.4
2013-06-16,333.0,328.42159092366467,333.0,28.4
2013-07-16,242.40001,246.0026831238556,242.40001,27.800001
2013-08-16,268.4,271.8441207305499,268.4,28.300001
2013-09-16,273.5,272.55175568205607,273.5,27.7
2013-10-16,422.2,421.4058646212636,422.2,27.300001
2013-11-16,396.2,390.211837405968,396.2,27.1
2013-12-16,56.100002,53.52413397175124,56.100002,25.5
2014-01-16,37.4,33.574115569594795,37.4,25.2
2014-02-15,8.1,6.452729573013187,8.1,26.4
2014-03-16,22.5,16.552029627504567,22.5,28.1
2014-04-16,54.2,48.508751513568086,54.2,29.6
2014-05-16,194.2,189.62677615810992,194.2,29.7
2014-06-16,284.30002,284.45152142356017,284.30002,29.0
2014-07-16,157.5,165.13769757831008,157.5,28.4
2014-08-16,268.0,263.3035710372108,268.0,28.2
2014-09-16,167.2,168.74805268004528,167.2,27.9
2014-10-16,294.0,296.59734223085366,294.0,27.5
2014-11-16,498.0,499.87912415799184,498.0,27.5
2014-12-16,209.7,207.0028893982847,209.7,27.0
2015-01-16,14.8,20.19290766421929,14.8,26.0
2015-02-15,12.7,8.516890023424537,12.7,26.7
2015-03-16,25.7,21.7176302532593,25.7,28.6
2015-04-16,139.8,131.931197852796,139.8,29.300001
2015-05-16,172.7,171.09410029419138,172.7,29.7
2015-06-16,224.0,224.94975958992876,224.0,29.1
2015-07-16,200.90001,204.60620807322096,200.90001,28.800001
2015-08-16,559.4,552.6731716492286,559.4,28.300001
2015-09-16,354.6,350.87582642348707,354.6,28.2
2015-10-16,156.8,159.98701992617933,156.8,27.9
2015-11-16,270.9,272.59620584844544,270.9,27.800001
2015-12-16,214.5,217.02851183980923,214.5,27.6
2016-01-16,176.8,172.8702646073425,176.8,27.2
2016-02-15,39.600002,39.27504826503596,39.600002,27.1
2016-03-16,18.9,16.21179869603074,18.9,28.9
2016-04-16,32.3,32.15702087027802,32.3,30.5
2016-05-16,291.6,294.1951499624635,291.6,30.2
2016-06-16,229.3,228.7634288754229,229.3,28.9
2016-07-16,230.1,231.18944584812712,230.1,28.9
2016-08-16,238.1,236.10746489579932,238.1,29.1
2016-09-16,277.9,275.8507066625269,277.9,28.6
2016-10-16,318.7,314.4374282086299,318.7,27.7
2016-11-16,413.0,406.21099634790505,413.0,27.5
2016-12-16,141.3,153.0076858236153,141.3,27.2
2017-01-16,238.2,240.79141872519497,238.2,27.0
2017-02-15,22.0,23.037905471732756,22.0,27.1
2017-03-16,34.3,35.96344068455642,34.3,28.2
2017-04-16,129.90001,144.28214448056414,129.90001,28.9
2017-05-16,359.0,355.1291341737493,359.0,28.800001
2017-06-16,201.7,199.4348428165126,201.7,28.5
2017-07-16,230.1,228.13449118889724,230.1,28.7
2017-08-16,290.80002,292.3155512818656,290.80002,28.4
2017-09-16,330.5,323.8737189391876,330.5,28.300001
2017-10-16,229.8,228.38593876171444,229.8,27.800001
2017-11-16,312.1,319.66234641169,312.1,26.9
2017-12-16,183.8,183.77974424637083,183.8,26.5
2018-01-16,76.200005,71.86848369239024,76.200005,26.6
2018-02-15,32.4,34.9953628502453,32.4,26.5
2018-03-16,21.800001,29.077969541900217,21.800001,28.1
2018-04-16,120.700005,122.81537527578722,120.700005,28.5
2018-05-16,212.7,212.62201916580423,212.7,28.9
2018-06-16,340.30002,340.7058155122,340.30002,28.5
2018-07-16,201.1,204.96936520153363,201.1,28.4
2018-08-16,252.6,254.4676090472718,252.6,28.300001
2018-09-16,201.1,200.0979215938313,201.1,27.9
2018-10-16,312.6,309.8069490991419,312.6,27.9
2018-11-16,255.2,246.83781986842598,255.2,27.7
2018-12-16,197.2,201.5058886561847,197.2,27.800001
2019-01-16,209.2,203.86435892209545,209.2,27.2
2019-02-15,4.0,7.590817596351343,4.0,27.9
2019-03-16,13.1,23.35196929209789,13.1,28.7
2019-04-16,28.6,24.909573306853844,28.6,29.9
2019-05-16,234.90001,220.85010904642718,234.90001,29.800001
2019-06-16,264.80002,269.6379361498185,264.80002,28.800001
2019-07-16,254.6,231.77146813864067,254.6,28.800001
2019-08-16,315.4,313.17677470017924,315.4,28.4
2019-09-16,223.40001,221.9394393313305,223.40001,27.9
2019-10-16,145.5,164.57096965425814,145.5,28.1
2019-11-16,312.0,272.988683271545,312.0,27.4
2019-12-16,54.100002,95.40171773778344,54.100002,26.9
2020-01-16,8.7,15.155931783100641,8.7,27.800001
2020-02-15,15.8,21.708131954546644,15.8,27.5
2020-03-16,9.5,10.198100592979472,9.5,28.9
2020-04-16,97.6,121.18826523769299,97.6,29.4
2020-05-16,122.0,137.03372018322062,122.0,30.1
2020-06-16,368.2,351.67857303365423,368.2,28.6
2020-07-16,226.5,225.099451373951,226.5,28.7
2020-08-16,278.4,267.0857245698643,278.4,28.800001
2020-09-16,357.5,371.427068418296,357.5,28.2
2020-10-16,375.5,383.4280401702213,375.5,27.2
2020-11-16,311.30002,269.44626235338274,311.30002,27.2
2020-12-16,147.0,181.09734339289776,147.0,26.800001
2021-01-16,33.0,34.67635102451629,33.0,25.800001
2021-02-15,8.0,8.269021858742889,8.0,26.9
2021-03-16,34.2,30.388418934119187,34.2,28.5
2021-04-16,146.5,163.76136836053723,146.5,28.6
2021-05-16,154.40001,175.7830182128927,154.40001,29.0
2021-06-16,207.8,205.92530477741448,207.8,28.9
2021-07-16,219.7,230.18940775931145,219.7,28.6
2021-08-16,363.30002,386.2859519208121,363.30002,28.6
2021-09-16,194.40001,198.15275635900016,194.40001,27.800001
2021-10-16,235.6,246.61899052955,235.6,27.6
2021-11-16,518.5,504.2054588526669,518.5,27.1
2021-12-16,110.3,120.89175338434553,110.3,26.800001
2022-01-16,27.800001,28.68662091907865,27.800001,27.2
2022-02-15,74.6,68.42536210645927,74.6,26.9
2022-03-16,57.2,56.685839214788814,57.2,28.300001
2022-04-16,99.3,120.43212111776138,99.3,28.9
2022-05-16,348.9,369.2183045581728,348.9,28.300001
2022-06-16,169.0,122.05352866740434,169.0,28.9
2022-07-16,292.1,295.40566836219193,292.1,28.300001
2022-08-16,286.0,271.81802965262057,286.0,28.2
2022-09-16,280.30002,276.1670280834481,280.30002,27.5
2022-10-16,507.6,487.0777569757532,507.6,27.1
2022-11-16,307.9,288.8569774144082,307.9,27.300001
2022-12-16,265.1,279.75153044202773,265.1,26.4
2023-01-16,97.200005,82.17909749841414,97.200005,26.300001
2023-02-15,43.4,49.61395811119033,43.4,27.2
2023-03-16,12.400001,10.855927963305191,12.400001,28.300001
2023-04-16,29.0,19.152130413037156,29.0,30.2
2023-05-16,193.90001,188.71344257847508,193.90001,29.9
2023-06-16,240.5,228.8171375435747,240.5,29.2
2023-07-16,262.4,271.1538154952295,262.4,29.0
2023-08-16,195.1,206.30353913897466,195.1,29.0
2023-09-16,290.9,300.73121940247506,290.9,28.2
2023-10-16,154.40001,163.97767690708244,154.40001,28.1
2023-11-16,247.8,238.63583130096805,247.8,27.4
2023-12-16,146.1,153.16360063093205,146.1,27.9
