time,spei,spei_predicted,pre,tmp
1901-01-16,0.24665654,,10.900001,20.0
1901-02-15,0.22944267,,7.4,21.4
1901-03-16,0.0401196,,19.300001,24.4
1901-04-16,0.027411269,,71.3,27.6
1901-05-16,0.118562005,,181.6,26.300001
1901-06-16,0.07179766,,162.8,26.300001
1901-07-16,0.019272646,,211.3,25.5
1901-08-16,0.11186735,,283.7,25.300001
1901-09-16,-0.16516098,,234.2,25.0
1901-10-16,0.20602763,,128.0,24.1
1901-11-16,0.382797,,47.600002,21.9
1901-12-16,0.47090846,,15.3,18.9
1902-01-16,0.45741662,0.42733458564545235,10.900001,18.7
1902-02-15,0.75508934,0.6025636530420087,7.3,19.4
1902-03-16,0.034515962,0.03144172531167597,19.2,24.6
1902-04-16,0.1116867,0.08024876142114731,71.3,27.0
1902-05-16,0.15744361,0.19475428508191975,180.90001,26.300001
1902-06-16,0.07854724,0.0662615889150475,163.1,26.5
1902-07-16,0.019272646,0.023466779403507523,211.3,25.9
1902-08-16,0.11186735,0.0549643799173099,283.7,25.5
1902-09-16,-0.15770034,-0.23587703151849965,234.6,24.9
1902-10-16,0.17217186,0.17043971156272839,126.5,24.4
1902-11-16,0.382797,0.4001429115562441,47.600002,22.0
1902-12-16,0.48960927,0.5402065646943002,15.6,20.0
1903-01-16,0.45741662,0.4298096880830259,10.900001,19.1
1903-02-15,0.5063067,0.46235094609140404,7.3,20.800001
1903-03-16,0.034515962,0.03871374009405368,19.2,24.6
1903-04-16,0.0026766001,-0.029466561308898475,70.4,27.7
1903-05-16,0.13478455,0.13014052201222676,179.5,27.1
1903-06-16,0.1478951,0.118486632564411,163.1,25.800001
1903-07-16,0.019272646,0.0082596353780572,211.3,25.5
1903-08-16,0.11186735,0.1021313995515493,283.7,25.0
1903-09-16,-0.16143064,-0.19486212814694362,234.40001,24.7
1903-10-16,0.20602763,0.23059053731719634,128.0,24.0
1903-11-16,0.47144806,0.5294556113028007,47.600002,21.0
1903-12-16,0.8184519,0.7214867058386834,15.3,16.9
1904-01-16,0.6376469,0.5429624845147152,10.900001,17.6
1904-02-15,0.5063067,0.4986443144296642,7.3,20.0
1904-03-16,0.20216513,0.16727191347143833,19.2,24.300001
1904-04-16,0.19444832,0.23626595287059732,71.3,26.2
1904-05-16,0.13964534,0.1611597063670648,179.8,26.300001
1904-06-16,0.14566965,0.16668621716172982,163.0,25.9
1904-07-16,0.021434689,-0.0018621651977690536,211.40001,25.5
1904-08-16,0.11186735,0.08922602767682394,283.7,25.6
1904-09-16,-0.16329585,-0.1864473590397224,234.3,25.300001
1904-10-16,0.15859538,0.13146484384331855,125.9,24.4
1904-11-16,0.47144806,0.44786721677885016,47.600002,21.300001
1904-12-16,0.6544801,0.6068894927897918,15.3,18.1
1905-01-16,0.45741662,0.45151418029068013,10.900001,19.1
1905-02-15,0.21955091,0.2575047796744482,7.3,21.9
1905-03-16,0.20216513,0.17047718794988345,19.2,24.2
1905-04-16,0.08737074,0.13725747957358803,70.4,26.800001
1905-05-16,0.15421028,0.13050181780714346,180.7,26.6
1905-06-16,0.07629799,0.07040459286833804,163.0,26.0
1905-07-16,0.019272646,0.030111107953260427,211.3,25.800001
1905-08-16,0.11186735,0.057939025560938884,283.7,25.800001
1905-09-16,-0.12785004,-0.09170514655228039,236.2,25.4
1905-10-16,0.18347095,0.16891045138608327,127.0,24.6
1905-11-16,0.382797,0.4702370426189174,47.600002,22.2
1905-12-16,0.26485178,0.3275246393516688,15.3,21.0
1906-01-16,0.24665654,0.22290404513808718,10.900001,20.800001
1906-02-15,-0.10941625,-0.10469057629439564,7.3,22.2
1906-03-16,0.20216513,0.17579509793388678,19.2,24.2
1906-04-16,0.0026766001,-0.05604913231647764,70.4,28.0
1906-05-16,0.12180892,0.08546308965213033,181.8,27.7
1906-06-16,0.058279112,0.13249955411662856,162.2,26.300001
1906-07-16,0.019272646,0.02850103066636775,211.3,26.0
1906-08-16,0.11186735,0.12857507369923504,283.7,25.7
1906-09-16,-0.19871813,-0.19090666582994179,235.5,25.7
1906-10-16,0.2150345,0.19518483766616704,128.40001,24.2
1906-11-16,0.382797,0.38388471789870193,47.600002,21.4
1906-12-16,0.47090846,0.5203390116724939,15.3,19.2
1907-01-16,0.51855737,0.45894050968668676,11.900001,19.300001
1907-02-15,0.21955091,0.3503671787115328,7.3,21.300001
1907-03-16,0.21255694,0.2207398263666863,19.4,23.7
1907-04-16,0.08737074,0.04761030169526096,70.4,26.6
1907-05-16,0.22822744,0.23778238377266234,182.2,26.0
1907-06-16,0.13676052,0.11823921388228135,162.6,26.0
1907-07-16,0.019272646,0.024079194274534158,211.3,25.5
1907-08-16,0.11186735,0.08615576401244508,283.7,25.2
1907-09-16,-0.15956567,-0.1658578745235382,234.5,25.2
1907-10-16,0.19701168,0.18926324909464132,127.6,24.2
1907-11-16,0.382797,0.4209698175024163,47.600002,21.9
1907-12-16,0.67667973,0.6981616579941979,15.7,17.7
1908-01-16,0.45741662,0.44157314272976567,10.900001,19.1
1908-02-15,0.21955091,0.3094949837187911,7.3,21.0
1908-03-16,0.20216513,0.15513220441502246,19.2,24.300001
1908-04-16,0.23653877,0.0843474804220596,76.0,27.4
1908-05-16,0.16552071,0.1992093651318833,181.40001,26.2
1908-06-16,0.1501194,0.12306721592454041,163.2,25.9
1908-07-16,0.019272646,0.024485719251114865,211.3,25.5
1908-08-16,0.11186735,0.09013666129788822,283.7,25.300001
1908-09-16,-0.17821407,-0.13685098051831052,233.5,25.2
1908-10-16,0.17217186,0.19139757192992532,126.5,24.300001
1908-11-16,0.47144806,0.4476673569096244,47.600002,20.9
1908-12-16,0.47090846,0.5315192400441331,15.3,18.800001
1909-01-16,0.45741662,0.4523350835165902,10.900001,19.300001
1909-02-15,0.22944267,0.34818709635579637,7.4,21.300001
1909-03-16,0.056851342,0.0851160178496111,19.6,24.4
1909-04-16,0.08737074,0.05433382373337474,70.4,26.800001
1909-05-16,0.19292,0.21116154319871133,183.1,26.2
1909-06-16,0.14121668,0.10985163644914935,162.8,25.9
1909-07-16,0.019272646,0.032089232374275696,211.3,25.5
1909-08-16,0.11186735,0.07162146819398414,283.7,25.4
1909-09-16,-0.17448503,-0.18261625018918962,233.7,25.300001
1909-10-16,0.20602763,0.13003169143566454,128.0,24.6
1909-11-16,0.382797,0.4424550302584099,47.600002,21.300001
1909-12-16,0.6544801,0.652866802155722,15.3,18.2
1910-01-16,0.45741662,0.4277280025369733,10.900001,19.5
1910-02-15,0.5063067,0.5104785057571591,7.3,20.6
1910-03-16,0.21255694,0.23798492661051399,19.4,23.300001
1910-04-16,0.3091283,0.3711694907786345,75.700005,26.300001
1910-05-16,0.20577927,0.22810282918576158,183.90001,26.300001
1910-06-16,0.13230117,0.15642414962868853,162.40001,25.9
1910-07-16,0.019272646,0.07342392271562889,211.3,25.6
1910-08-16,0.11186735,0.07673501475428257,283.7,25.4
1910-09-16,-0.1483734,-0.18100921586249688,235.1,24.800001
1910-10-16,0.18121225,0.157965387343842,126.9,24.1
1910-11-16,0.382797,0.3827429231077767,47.600002,21.7
1910-12-16,0.6544801,0.6448952765002165,15.3,17.800001
1911-01-16,2.0128036,2.0440887966280936,70.8,18.7
1911-02-15,-0.23669283,-0.22511451580982672,0.0,20.7
1911-03-16,-0.5383965,-0.5245529572255017,6.9,23.800001
1911-04-16,-0.5937401,-0.5027508560640299,46.5,26.5
1911-05-16,-0.8432202,-0.847977968599154,117.0,26.2
1911-06-16,0.20546219,0.14904266413685724,165.7,26.0
1911-07-16,-1.2464901,-1.19273211209366,157.6,25.5
1911-08-16,-1.5666021,-1.4837464791855304,191.90001,25.7
1911-09-16,1.440628,1.354467910130402,329.30002,25.4
1911-10-16,-0.06301132,-0.026376851445332482,116.200005,24.300001
1911-11-16,-0.93797207,-0.954810372337143,10.2,22.7
1911-12-16,-0.6049277,-0.6755715971310343,2.0,19.7
1912-01-16,-0.39960966,-0.5244028387428634,0.7,19.2
1912-02-15,-0.53338736,-0.5430518555536838,0.7,21.300001
1912-03-16,0.38163558,0.4866629856957821,25.9,24.800001
1912-04-16,-0.2619069,-0.262298821372493,57.9,27.0
1912-05-16,-0.45673567,-0.48633747609422284,143.7,27.1
1912-06-16,-0.4169667,-0.40548340582449355,141.6,26.4
1912-07-16,0.9971858,0.9782962040269196,264.7,25.4
1912-08-16,1.1770674,1.2265963478171718,344.7,25.0
1912-09-16,-1.0152788,-0.9966689415811255,186.8,25.0
1912-10-16,-0.210502,-0.14124333020659294,109.8,23.9
1912-11-16,1.603827,1.461647822185647,103.6,20.9
1912-12-16,-0.49555087,-0.5015410501477789,0.0,18.6
1913-01-16,-0.4798129,-0.48330120734580595,0.0,18.9
1913-02-15,0.023107998,0.003446993198097513,5.4,21.6
1913-03-16,-0.9048162,-0.9827856436123207,1.8000001,24.0
1913-04-16,-1.2914308,-1.2460547933419812,22.800001,27.2
1913-05-16,0.0941719,0.07223486189607443,177.0,26.1
1913-06-16,-0.07820076,-0.14410896427974448,153.1,25.800001
1913-07-16,-0.3396631,-0.3247497497419016,195.3,25.0
1913-08-16,-0.8137289,-0.823787812426637,235.5,25.0
1913-09-16,-0.96122366,-0.9642006773540925,190.0,25.0
1913-10-16,-0.33269095,-0.24990429417682453,104.5,24.0
1913-11-16,1.7838467,1.7172676154289248,117.0,21.1
1913-12-16,0.83832407,0.8435448287680928,18.800001,18.5
1914-01-16,1.0467597,1.0494901818789866,20.1,17.9
1914-02-15,-0.49490023,-0.37871223383388647,1.0,21.4
1914-03-16,0.051287036,0.04950489808981293,16.4,24.2
1914-04-16,-0.7352936,-0.7168339511248227,41.7,26.6
1914-05-16,0.13964534,0.13903607483852412,179.8,26.800001
1914-06-16,-0.0461607,-0.06989924984193908,154.5,25.7
1914-07-16,0.46402913,0.40372254533160573,233.2,25.300001
1914-08-16,0.45460853,0.48170903318191954,301.9,24.9
1914-09-16,-1.7628381,-1.630075758387876,138.0,24.9
1914-10-16,-0.31196177,-0.20854963328626508,105.4,23.7
1914-11-16,0.9275382,0.9441300039409412,68.9,21.800001
1914-12-16,-0.4955513,-0.4349166789072172,3.1000001,19.300001
1915-01-16,-0.4798129,-0.4962332438829262,0.0,19.2
1915-02-15,-0.53338736,-0.5056821483416091,0.7,21.800001
1915-03-16,-0.33904484,-0.40295004463961537,9.900001,24.4
1915-04-16,0.47214982,0.35584026436110006,85.3,26.800001
1915-05-16,-0.20740865,-0.252475621497099,155.6,26.0
1915-06-16,0.80477816,0.7632454516150619,198.0,26.2
1915-07-16,-0.57703334,-0.4937891020515591,185.2,25.4
1915-08-16,-0.44419253,-0.4791247621050001,255.0,25.5
1915-09-16,-1.373145,-1.3030619144892874,164.6,24.800001
1915-10-16,0.9707145,0.9531728858142419,164.40001,24.1
1915-11-16,1.0869275,0.9998005808445266,73.3,21.2
1915-12-16,2.0118496,2.017264561480219,59.0,17.2
1916-01-16,0.9381634,0.8726604042960701,17.300001,18.1
1916-02-15,0.30700094,0.37344684139375967,8.2,21.2
1916-03-16,1.3385568,1.283312856616812,53.3,24.5
1916-04-16,-0.40928617,-0.4279004178429333,52.8,26.7
1916-05-16,-0.55769145,-0.5104912205496744,137.6,26.4
1916-06-16,1.6496204,1.641081697634197,248.0,25.800001
1916-07-16,-0.050486192,-0.1646152554751248,208.1,25.6
1916-08-16,0.9639647,0.9307100503951443,331.2,25.4
1916-09-16,1.233699,1.2278116048442815,315.0,25.300001
1916-10-16,0.36436322,0.32802034974540156,132.0,24.0
1916-11-16,0.3534773,0.41610419001918963,43.5,21.6
1916-12-16,0.9833783,0.9299141030361352,21.9,18.4
1917-01-16,0.13138318,0.1784671004578369,6.3,18.6
1917-02-15,-0.23669283,-0.284301037924012,0.0,20.800001
1917-03-16,0.19695015,0.17553908736413382,19.1,23.6
1917-04-16,-1.5374422,-1.4857451630513951,11.2,26.5
1917-05-16,-1.0993692,-1.1006022912518496,103.9,26.300001
1917-06-16,0.93932027,0.8666796839477662,202.2,25.6
1917-07-16,-0.98990244,-0.9198998400981009,168.1,25.4
1917-08-16,0.58172715,0.6420270552787471,308.9,25.2
1917-09-16,0.4220303,0.4223643649726202,266.0,24.9
1917-10-16,1.4180812,1.3615850167455759,189.5,23.9
1917-11-16,-1.0762811,-1.1164029322916713,6.8,22.1
1917-12-16,0.6376168,0.6555151051234769,15.0,18.2
1918-01-16,-0.4798129,-0.49700662023603503,0.0,18.800001
1918-02-15,1.3710583,1.3180298744203627,20.6,20.4
1918-03-16,-0.5521155,-0.5557329280572759,6.7000003,23.800001
1918-04-16,-0.282003,-0.2723842069041598,54.100002,25.9
1918-05-16,1.89287,1.858866182141802,311.5,25.6
1918-06-16,-1.1118513,-1.1220067594282455,108.4,25.6
1918-07-16,-1.0582142,-1.0484820909895627,165.3,25.800001
1918-08-16,0.5258118,0.48306014211246645,302.7,25.300001
1918-09-16,1.147392,1.1944773805531455,309.30002,25.5
1918-10-16,-1.1873351,-1.18282224807297,65.8,24.4
1918-11-16,0.82204705,0.7168665912781259,64.3,22.1
1918-12-16,-0.0800995,0.0009575642936303745,7.7000003,19.7
1919-01-16,-0.8843059,-0.8626588322255041,0.0,20.1
1919-02-15,0.66295683,0.6412003176607459,12.3,21.5
1919-03-16,0.7889134,0.7678909904973596,35.5,25.0
1919-04-16,-1.2126061,-1.0568294451867084,25.5,27.0
1919-05-16,0.112064324,0.15037945325469862,181.2,26.9
1919-06-16,0.59213907,0.6212241682897971,187.1,26.0
1919-07-16,0.37169868,0.3538239282651491,228.40001,25.4
1919-08-16,0.06569713,0.04135586265193826,281.30002,25.6
1919-09-16,-1.7946584,-1.7363455052768961,135.7,24.800001
1919-10-16,-1.3821142,-1.3176298379125295,56.2,24.2
1919-11-16,1.3221014,1.2569673823148435,88.9,22.1
1919-12-16,-0.7078325,-0.6669053529486421,1.0,19.2
1920-01-16,0.023323812,-0.04029871176478379,5.0,18.9
1920-02-15,0.3540714,0.3883441098625285,8.7,21.1
1920-03-16,0.65964794,0.8006196304415131,29.1,24.5
1920-04-16,-0.9243911,-0.8638841397382602,35.3,26.5
1920-05-16,-1.3441325,-1.34164649544724,87.8,26.300001
1920-06-16,-1.517176,-1.4602455478422376,93.0,26.0
1920-07-16,-0.22037682,-0.17254462019508088,200.5,25.800001
1920-08-16,-0.34557667,-0.3476875770747877,257.0,25.4
1920-09-16,0.5891064,0.5169270421428475,275.4,25.300001
1920-10-16,0.39954722,0.4433337237767852,136.7,24.1
1920-11-16,0.29377183,0.2750718787401843,44.600002,22.0
1920-12-16,0.8184518,0.7704425362473688,21.5,19.4
1921-01-16,0.12335135,0.248199988959098,9.3,19.800001
1921-02-15,-0.09811999,-0.05293891690698534,4.3,20.9
1921-03-16,0.9152143,0.9176837692616898,39.0,24.7
1921-04-16,-0.62907344,-0.6282505463515774,48.4,27.4
1921-05-16,-0.19412114,-0.25074632045731293,156.40001,26.4
1921-06-16,-1.729322,-1.6101509261152473,79.8,26.1
1921-07-16,1.0031842,0.9728285694882113,265.1,25.4
1921-08-16,1.1402062,1.1105163900278512,342.30002,25.6
1921-09-16,0.82538897,0.7878475073518557,289.2,25.1
1921-10-16,-0.75949585,-0.7967082268044653,85.700005,23.7
1921-11-16,0.10933448,0.13032202696910725,35.600002,21.6
1921-12-16,-0.8141051,-0.7778868186127317,0.0,19.1
1922-01-16,-0.8843059,-0.7868658202806543,0.0,20.2
1922-02-15,-1.0540568,-0.9833771743141203,0.0,21.9
1922-03-16,1.1739454,1.1008959459243268,44.100002,24.4
1922-04-16,-0.37442085,-0.38175139848494716,54.0,26.9
1922-05-16,-0.27057636,-0.281602014073187,154.90001,26.9
1922-06-16,-1.4915415,-1.4079198236658481,91.1,26.300001
1922-07-16,-0.30502334,-0.2940382337495655,196.8,25.4
1922-08-16,-0.39591536,-0.35826907757482135,254.40001,25.4
1922-09-16,0.3569402,0.3261221068557926,262.4,25.6
1922-10-16,-0.85008144,-0.8732512775340592,81.6,24.300001
1922-11-16,1.4281942,1.4824524978203477,92.1,21.6
1922-12-16,0.7039798,0.6485330838492757,19.300001,18.9
1923-01-16,1.1578486,1.219670455950096,29.5,20.0
1923-02-15,0.20961463,0.1541169563109509,4.1,20.9
1923-03-16,1.4123122,1.3430500473947569,56.3,24.7
1923-04-16,0.79809994,0.8677253603229994,96.3,26.300001
1923-05-16,-0.44512177,-0.35536653138966223,141.3,25.7
1923-06-16,1.1168338,1.083084611540029,212.40001,25.6
1923-07-16,-1.876516,-1.7995715773517624,128.8,25.1
1923-08-16,0.20365776,0.14383485168682275,285.4,25.0
1923-09-16,-1.9628131,-1.8962432807959442,123.200005,25.2
1923-10-16,1.2143458,1.164984315598188,177.6,24.1
1923-11-16,0.26338458,0.2600271108771978,43.600002,22.6
1923-12-16,-0.8141051,-0.8258138370204037,0.0,19.800001
1924-01-16,-0.8843059,-0.9053996296925595,0.0,20.1
1924-02-15,-0.62471193,-0.6989380393486047,0.0,21.6
1924-03-16,-0.39757943,-0.28324437415345377,15.2,25.2
1924-04-16,0.25481528,0.258145796242014,76.700005,26.7
1924-05-16,-0.87532616,-0.940566960357221,118.1,26.800001
1924-06-16,-0.80612355,-0.8598693965906676,121.8,25.9
1924-07-16,-0.16162431,-0.14899679013433997,200.0,25.0
1924-08-16,0.07725466,0.06612028057740106,278.80002,25.300001
1924-09-16,-1.2012237,-1.2717722826382811,175.5,25.300001
1924-10-16,0.27334037,0.24103052186891608,131.0,24.0
1924-11-16,-0.52594477,-0.5152350071878435,20.7,22.300001
1924-12-16,0.1487494,0.11308995828717666,7.5,18.5
1925-01-16,0.44481656,0.34951782750082777,10.7,19.0
1925-02-15,0.37260187,0.34856814178087575,5.8,20.5
1925-03-16,0.49718824,0.5378276658460258,28.4,24.5
1925-04-16,0.58505803,0.5678491478598695,86.9,25.800001
1925-05-16,-1.0385573,-1.058250907516778,104.700005,26.1
1925-06-16,-0.228193,-0.32550223726785193,146.6,26.1
1925-07-16,0.2256281,0.2643862322119828,221.1,25.5
1925-08-16,-0.6146603,-0.5293651382702287,246.1,25.5
1925-09-16,0.4022005,0.40722254178426287,264.9,25.2
1925-10-16,-0.7861255,-0.7626765158442091,81.4,23.6
1925-11-16,-1.0762811,-1.0312770223411052,6.8,22.0
1925-12-16,1.4086835,1.3783531447892483,33.3,18.5
1926-01-16,-0.25982684,-0.1362262853432188,5.1,20.1
1926-02-15,-0.34492886,-0.28903796808680393,2.2,21.300001
1926-03-16,-0.4107358,-0.3829514946099807,8.8,24.1
1926-04-16,-1.523065,-1.3333043368401316,14.8,26.9
1926-05-16,-1.5613301,-1.5504057290182285,72.9,27.0
1926-06-16,0.5229908,0.5408207941624109,180.6,26.2
1926-07-16,-0.44224918,-0.4346745303420312,190.90001,25.7
1926-08-16,-0.16297078,-0.1666115544799889,269.5,25.5
1926-09-16,-0.71795267,-0.7173696079403186,207.1,25.7
1926-10-16,2.2046342,2.0942831364586465,245.2,24.300001
1926-11-16,0.22024278,0.3056254402780226,42.2,22.1
1926-12-16,1.1020871,1.0907082455970463,27.800001,19.7
1927-01-16,0.15521078,0.08141056136305673,6.6,19.5
1927-02-15,1.3710585,1.3579885611827982,23.7,21.300001
1927-03-16,-0.35195825,-0.35789065123816244,9.7,24.2
1927-04-16,0.6686621,0.8174333263650219,90.5,26.1
1927-05-16,2.1962597,2.1588971976359645,349.4,25.9
1927-06-16,-0.35156992,-0.3965965194127258,141.3,26.2
1927-07-16,1.1913825,1.1738368344594625,281.4,25.800001
1927-08-16,-1.7764398,-1.6918985101109998,178.40001,25.6
1927-09-16,-0.6394159,-0.6900632475890551,208.40001,25.0
1927-10-16,1.5845462,1.460993177840934,199.90001,24.1
1927-11-16,-0.11839772,-0.09601793344476459,31.9,21.9
1927-12-16,-0.8033242,-0.7927723544171127,0.1,19.5
1928-01-16,-0.6646829,-0.5052731872667795,4.7000003,21.1
1928-02-15,0.7773467,0.7240258588288491,13.8,21.4
1928-03-16,-0.21288344,-0.1124618375060413,15.0,24.9
1928-04-16,1.161913,1.111777640802833,117.5,27.0
1928-05-16,-0.4235413,-0.4406161560046438,145.7,26.5
1928-06-16,1.3779547,1.3991413819177652,228.8,25.5
1928-07-16,0.47912756,0.4302233337062498,234.0,25.7
1928-08-16,-1.561818,-1.5069467476955107,192.2,25.5
1928-09-16,-1.7321354,-1.7072651916222874,143.3,25.4
1928-10-16,-0.7994046,-0.7407234444640275,80.8,23.4
1928-11-16,0.94084936,0.9183645619038043,66.4,21.300001
1928-12-16,-0.8141051,-0.8201580539834555,0.0,19.800001
1929-01-16,-0.8843059,-0.7404532737820825,0.0,20.7
1929-02-15,0.8564269,0.8161157758357,14.900001,21.4
1929-03-16,0.55449706,0.48057405227956795,26.6,24.0
1929-04-16,0.91078305,0.7240309266584758,101.6,26.2
1929-05-16,0.0746133,0.05323618613441701,172.7,26.6
1929-06-16,-0.7157348,-0.619145615505453,125.700005,25.800001
1929-07-16,0.46402913,0.39699259534782577,233.2,25.6
1929-08-16,-0.18824594,-0.24181322736365513,268.2,25.6
1929-09-16,1.2426556,1.2428488348430335,315.6,25.4
1929-10-16,-1.6800612,-1.61508350005371,40.7,24.5
1929-11-16,-1.0680867,-1.0783728315163994,7.0,21.800001
1929-12-16,0.55045867,0.5887508362331375,16.6,20.0
1930-01-16,0.13937023,0.12534301212133478,6.4,19.4
1930-02-15,-0.54630375,-0.4622766134573909,0.6,21.4
1930-03-16,-0.5727943,-0.7047038666860171,3.3,23.4
1930-04-16,-0.73234004,-0.709403831503297,41.8,27.0
1930-05-16,0.581973,0.3740848981784763,201.90001,26.2
1930-06-16,0.63617784,0.6332375222999753,186.2,26.0
1930-07-16,0.94700295,1.0024812497830062,264.5,25.9
1930-08-16,-0.858063,-0.8528654005258163,233.1,25.5
1930-09-16,0.32419664,0.3557148036377378,260.6,25.6
1930-10-16,-1.8992183,-1.81058929448092,28.6,24.2
1930-11-16,0.5048635,0.5721868267390493,51.9,22.5
1930-12-16,-0.7711871,-0.6741252641076707,3.5,20.2
1931-01-16,-0.35537225,-0.45393922457228414,4.2000003,20.1
1931-02-15,-0.24853778,-0.14533643307278243,6.1,22.300001
1931-03-16,-0.21906306,-0.13256500201868326,14.900001,24.9
1931-04-16,-0.95686203,-0.9439923021431931,40.4,28.4
1931-05-16,-1.7683363,-1.7323454119897368,58.100002,27.7
1931-06-16,-0.6249297,-0.5759071912385035,135.8,27.2
1931-07-16,-0.65108156,-0.5733656108005334,182.1,25.9
1931-08-16,-0.55174756,-0.5072280918985587,249.40001,26.2
1931-09-16,0.8751729,0.808965536687337,292.2,25.2
1931-10-16,-1.1541065,-1.0937042511543185,64.3,23.9
1931-11-16,-1.2249793,-1.259334806651197,0.1,21.4
1931-12-16,-0.27950794,-0.3068810935199781,5.4,19.7
1932-01-16,-0.4798129,-0.42466765358277386,0.0,18.7
1932-02-15,-0.23669283,-0.2866163759679353,0.0,20.4
1932-03-16,-0.6075248,-0.6260636288138656,5.9,24.0
1932-04-16,-0.26477498,-0.25990248322815046,57.8,27.1
1932-05-16,-1.5255139,-1.5430029501246045,78.5,27.9
1932-06-16,-1.0260528,-1.0599751620203395,115.3,26.4
1932-07-16,1.2488143,1.2461713720851508,282.6,25.800001
1932-08-16,-1.8231664,-1.7569256632830952,175.3,26.1
1932-09-16,0.7716431,0.7263737118973098,286.0,25.4
1932-10-16,0.949554,0.9339892342712117,163.3,24.300001
1932-11-16,-1.0313014,-1.059736846267476,7.9,23.0
1932-12-16,-0.17343374,-0.21902918097851554,3.5,18.6
1933-01-16,-0.33367127,-0.40459402301841835,4.4,20.300001
1933-02-15,-0.6379312,-0.6168309375569853,3.0,22.1
1933-03-16,-1.2489624,-1.188217910913619,0.5,24.800001
1933-04-16,-0.5760918,-0.5655139244103169,47.100002,27.1
1933-05-16,0.87146354,0.8814423142370001,225.1,26.4
1933-06-16,-1.2853484,-1.2544374094124955,100.6,26.0
1933-07-16,2.1009607,2.033204972409408,367.5,25.7
1933-08-16,0.54753,0.5189888396516258,307.0,25.7
1933-09-16,-0.2638675,-0.1759482427112245,232.0,25.7
1933-10-16,-0.11365643,-0.17917276642489016,114.0,24.9
1933-11-16,0.3208156,0.278042031476035,42.4,21.5
1933-12-16,-0.2704966,-0.29241186501404504,5.5,19.1
1934-01-16,-0.37735027,-0.4243036215857268,0.90000004,19.300001
1934-02-15,-0.23669283,-0.24656397694421045,0.0,20.9
1934-03-16,-0.027997982,0.054125470458508934,15.0,24.1
1934-04-16,1.202248,1.1397198647184286,119.700005,27.0
1934-05-16,-1.4341403,-1.4863994667016796,84.8,27.6
1934-06-16,1.0795615,0.925884539680895,210.2,26.0
1934-07-16,1.8541045,1.8372693919604148,338.0,25.7
1934-08-16,1.0793649,1.1117198079235642,338.4,25.7
1934-09-16,0.318727,0.31623845501270936,263.4,25.9
1934-10-16,-0.27508396,-0.31575552329169715,107.0,24.300001
1934-11-16,0.86406296,0.8783724019137509,66.1,22.2
1934-12-16,0.74138236,0.7341527877874133,16.9,17.7
1935-01-16,-0.8843059,-0.8633419245550122,0.0,19.7
1935-02-15,0.9450152,0.9344162095639578,16.2,21.6
1935-03-16,-0.8673691,-0.8712422876617267,5.4,24.800001
1935-04-16,-0.40346813,-0.4564136456210003,53.0,26.9
1935-05-16,0.4775114,0.41404030575703565,204.3,27.2
1935-06-16,-0.49411586,-0.4120407514933423,135.2,25.800001
1935-07-16,0.2642934,0.273714232735287,226.1,25.800001
1935-08-16,-1.1015413,-0.9823452960632487,219.6,25.1
1935-09-16,1.5546632,1.5408057878289851,337.6,25.4
1935-10-16,0.95918876,0.8863863866124309,166.90001,25.1
1935-11-16,0.5888991,0.4922481598123858,58.100002,23.0
1935-12-16,1.2180688,1.2893138482836226,33.9,20.0
1936-01-16,-0.4565253,-0.5440922937520761,0.2,18.800001
1936-02-15,1.5396732,1.4484014524512638,24.300001,20.5
1936-03-16,-0.8228707,-0.7965898354904982,6.0,24.4
1936-04-16,-0.7205265,-0.6398047294454992,42.2,27.1
1936-05-16,-0.06328553,-0.09805350812923522,167.40001,26.6
1936-06-16,1.0658712,1.0562582470519755,212.5,25.800001
1936-07-16,1.2684269,1.2801715688107538,284.1,25.6
1936-08-16,-2.0250158,-2.0237847953813883,158.40001,25.5
1936-09-16,-1.3638718,-1.4283458174430683,165.2,24.9
1936-10-16,-1.5632889,-1.4194535225072453,43.8,23.2
1936-11-16,-0.75443727,-0.4936271018507207,24.1,22.6
1936-12-16,-1.2261564,-1.1453974761238592,2.6000001,20.800001
1937-01-16,-1.1995683,-1.3036001265129984,1.1,19.6
1937-02-15,0.5822166,0.4663328122266287,11.3,21.800001
1937-03-16,-0.8302541,-0.7696025780584993,18.300001,24.6
1937-04-16,0.08466128,-0.009340173679926417,73.4,27.6
1937-05-16,0.2713138,0.30016425764005744,181.8,25.6
1937-06-16,-0.47541073,-0.532818800280585,132.90001,25.800001
1937-07-16,1.9355422,1.9104057539240071,341.0,25.4
1937-08-16,-0.52494556,-0.5282086936188701,244.6,25.300001
1937-09-16,1.4209623,1.4025882726263514,321.7,25.300001
1937-10-16,-0.5092668,-0.3729065452483181,103.0,24.4
1937-11-16,0.04731278,0.17726842034402263,39.9,22.9
1937-12-16,1.2327414,1.1552481205625187,31.2,20.300001
1938-01-16,-0.70397663,-0.6653318131429691,1.3000001,19.9
1938-02-15,0.20961496,0.24585633069079046,7.2000003,21.4
1938-03-16,0.7157623,0.7209630585017985,39.8,24.2
1938-04-16,0.8920191,0.8693357377137736,100.700005,26.800001
1938-05-16,1.0147638,1.129000851429618,226.40001,25.1
1938-06-16,1.3613261,1.3708956844398208,221.5,25.2
1938-07-16,1.9603287,1.9753364905727855,340.80002,24.4
1938-08-16,0.3657569,0.3263404493977744,290.9,25.300001
1938-09-16,0.29498848,0.3003928848951051,252.8,25.0
1938-10-16,-0.21050203,-0.3062727410307622,106.700005,23.7
1938-11-16,-0.5221463,-0.5380424976083569,20.800001,20.6
1938-12-16,-0.8141051,-0.7942717505977436,0.0,19.300001
1939-01-16,-0.37734994,-0.29520047020621165,4.0,19.300001
1939-02-15,0.107803695,0.10318132928379062,9.3,21.0
1939-03-16,-0.51111865,-0.5154153197142237,7.3,24.0
1939-04-16,-0.8741768,-0.6944103381518273,33.9,26.0
1939-05-16,-1.000855,-0.9146397736400672,110.200005,26.0
1939-06-16,-0.4099558,-0.3948356828448848,132.6,25.1
1939-07-16,1.5739166,1.5074877465232113,300.5,25.1
1939-08-16,1.9565182,1.9142097775674596,397.4,25.1
1939-09-16,1.694186,1.671985067176685,345.1,24.6
1939-10-16,-1.7592326,-1.680021050591062,42.600002,24.1
1939-11-16,1.5240533,1.511119208438536,98.200005,22.7
1939-12-16,-0.03888471,-0.07687537816719425,2.0,15.900001
1940-01-16,-1.3981049,-1.3789569644155277,0.0,17.300001
1940-02-15,0.107804164,-0.036496088162499135,6.2000003,21.1
1940-03-16,-1.831297,-1.8184256070350424,0.0,23.6
1940-04-16,-1.6034248,-1.5826383178742203,21.300001,27.300001
1940-05-16,0.13964534,0.15970940212426685,179.8,26.2
1940-06-16,0.6441249,0.6596596102615938,186.6,25.800001
1940-07-16,-1.6188072,-1.5675276682260875,136.2,25.300001
1940-08-16,1.2044253,1.1727444829474998,343.4,25.0
1940-09-16,-0.83570176,-0.7852090232739722,200.40001,25.300001
1940-10-16,-0.5525322,-0.6175708406824761,101.1,24.7
1940-11-16,-0.9581763,-0.9162427409270175,12.8,22.300001
1940-12-16,-0.5348654,-0.5465507873362514,5.8,19.4
1941-01-16,-1.8279923,-1.6101091910477339,1.1,21.2
1941-02-15,-0.12075753,-0.12086600249916979,10.3,21.9
1941-03-16,-2.0634286,-2.0495624172443505,0.7,25.1
1941-04-16,-1.0099484,-0.9968654370928681,38.600002,27.6
1941-05-16,0.0091459565,0.016062558214621526,174.90001,26.6
1941-06-16,0.712862,0.6255315679516278,187.0,25.800001
1941-07-16,-0.64868563,-0.6882464945481066,179.1,25.7
1941-08-16,0.34334996,0.4254304870703504,292.80002,25.6
1941-09-16,0.9503504,0.9278245389314194,296.80002,25.2
1941-10-16,1.0559016,0.9989942423054428,172.0,24.2
1941-11-16,-0.7583799,-0.6686887179355796,17.800001,22.6
1941-12-16,-0.42800182,-0.4028820761010932,6.9,20.800001
1942-01-16,-1.1995683,-1.229003122360038,1.1,19.5
1942-02-15,-2.0472538,-1.929666255985752,0.0,22.4
1942-03-16,0.0789764,0.05154618472931444,20.0,24.800001
1942-04-16,1.5184131,1.4499078328676829,138.6,26.800001
1942-05-16,1.2723125,1.2688372613837429,256.1,26.300001
1942-06-16,1.3989426,1.400861037046539,230.2,25.6
1942-07-16,0.42208087,0.38836097423674826,224.8,25.4
1942-08-16,2.3034978,2.0924157902950387,436.1,25.0
1942-09-16,1.2351936,1.259125170478903,318.2,25.1
1942-10-16,-1.1707479,-1.249032036780629,72.8,24.6
1942-11-16,0.4232509,0.40214568375525317,52.100002,22.300001
1942-12-16,0.23647483,0.22553071400962077,11.8,19.300001
1943-01-16,-1.3981049,-1.4635545424808147,0.0,19.0
1943-02-15,0.7773467,0.8196895752189706,13.8,20.7
1943-03-16,-1.4230369,-1.4442284806665955,4.6,24.4
1943-04-16,0.19444835,0.22379594056557395,74.4,26.4
1943-05-16,0.09579997,0.15696966528921433,183.3,26.5
1943-06-16,-1.5639338,-1.4133884802878425,97.0,25.6
1943-07-16,0.03653665,0.0936266817918055,218.3,25.300001
1943-08-16,0.7628107,0.8177980397509262,325.4,24.9
1943-09-16,1.9284822,1.876600178890789,373.4,24.800001
1943-10-16,-2.375622,-2.296887663926928,9.400001,24.4
1943-11-16,1.6504179,1.5211254038089361,110.0,21.800001
1943-12-16,-0.30673093,-0.29801332858302015,5.1,19.1
1944-01-16,0.7406989,0.6893481486450077,22.2,19.9
1944-02-15,0.30700088,0.28345434575688605,14.400001,21.9
1944-03-16,-0.3006291,-0.3319327168488201,22.9,24.800001
1944-04-16,-1.1041257,-1.113645521933131,38.5,27.1
1944-05-16,-0.59725666,-0.5615513500971163,138.3,25.800001
1944-06-16,-0.1564309,-0.1598962117698387,159.0,25.5
1944-07-16,0.2784247,0.2986049631201838,229.90001,25.4
1944-08-16,-0.16880302,-0.19212907744005397,272.30002,25.2
1944-09-16,-1.3545762,-1.2456724490193924,165.8,25.2
1944-10-16,0.7896951,0.7288507733278482,161.40001,24.4
1944-11-16,0.20778829,0.09367245195895879,48.0,21.9
1944-12-16,-0.67661047,-0.7301651537719479,1.3000001,18.2
1945-01-16,1.0828534,1.129401337730534,30.4,19.6
1945-02-15,0.4715472,0.422574190153885,10.0,21.2
1945-03-16,-0.6005523,-0.611998953648591,18.4,24.2
1945-04-16,-0.10018327,-0.08368301712741466,66.700005,26.9
1945-05-16,-0.3603916,-0.2754415774137532,155.7,26.0
1945-06-16,1.2509955,1.2773838366480605,223.7,25.9
1945-07-16,0.18237372,0.1358918485430185,222.1,25.7
1945-08-16,-0.7204536,-0.6914617556319924,246.7,25.300001
1945-09-16,-0.32511795,-0.22685367569464282,234.90001,25.2
1945-10-16,-1.8655381,-1.863675618969343,33.600002,23.7
1945-11-16,-1.31695,-1.4099507031552234,4.1,22.5
1945-12-16,1.0816724,1.1177262507012338,24.2,19.300001
1946-01-16,-0.4565253,-0.4128955538149063,0.2,19.0
1946-02-15,0.9842242,0.872044684289834,16.800001,21.1
1946-03-16,0.7078638,0.7448601322920415,33.4,25.2
1946-04-16,1.4219726,1.3770134491220622,132.5,26.6
1946-05-16,-0.27722916,-0.24367629355350262,148.3,26.1
1946-06-16,-0.8315241,-0.7370044240805312,130.0,26.300001
1946-07-16,-2.0120406,-1.9029530872216283,141.90001,25.7
1946-08-16,-0.907578,-0.8778589993347734,236.6,25.6
1946-09-16,-1.0886071,-1.0252796079657958,191.7,25.300001
1946-10-16,1.1642452,1.2245037174625977,177.90001,23.9
1946-11-16,-1.6109322,-1.684470349482439,3.4,22.4
1946-12-16,-2.4403615,-2.3119371589251125,0.5,21.300001
1947-01-16,0.7650466,0.8467228263988416,28.9,21.7
1947-02-15,-0.5463035,-0.4915159036497835,9.900001,21.9
1947-03-16,-0.022248657,-0.037616562934879486,27.5,24.7
1947-04-16,1.3643172,1.3165102920948324,125.9,26.2
1947-05-16,-1.7270565,-1.7608158826170042,73.5,27.4
1947-06-16,1.3719221,1.3440973420685265,234.6,26.0
1947-07-16,-1.1681912,-1.1696021118095952,163.90001,25.5
1947-08-16,-0.40558162,-0.39734127743382536,260.1,25.6
1947-09-16,-0.8077957,-0.8468058945908796,202.0,25.6
1947-10-16,-1.0637424,-1.0392423729100908,74.8,24.5
1947-11-16,-1.3253522,-1.420542892942957,0.8,21.7
1947-12-16,-1.1185929,-1.0457047500069443,0.4,19.6
1948-01-16,-1.1322534,-1.209879092342027,1.5,19.0
1948-02-15,-1.6863037,-1.6726032811425762,2.1000001,21.9
1948-03-16,0.34797508,0.320943679300232,28.300001,24.800001
1948-04-16,0.6456901,0.7070216721329033,89.5,26.2
1948-05-16,0.07461345,0.09189224904218736,175.8,25.9
1948-06-16,-1.5998538,-1.505244638329814,95.3,26.2
1948-07-16,-1.0411259,-0.9779718868558609,169.1,25.2
1948-08-16,-0.34751478,-0.25694842830405495,263.1,25.5
1948-09-16,1.3940705,1.41363486360834,329.1,25.1
1948-10-16,1.8044883,1.808709829740047,217.8,23.800001
1948-11-16,-0.15670855,-0.055292684217793917,33.9,20.7
1948-12-16,-1.02561,-0.8760019591776331,4.3,19.9
1949-01-16,-0.7989609,-0.895267803251583,0.6,18.1
1949-02-15,0.32595694,0.2543534626761456,11.5,20.800001
1949-03-16,-1.5955282,-1.609588609960707,5.7000003,24.800001
1949-04-16,1.4089478,1.3957202136385443,125.5,26.1
1949-05-16,-0.58078367,-0.5289696772121357,136.2,26.0
1949-06-16,-1.4722548,-1.4993615269353273,104.4,26.5
1949-07-16,-0.16387221,-0.18517646235372834,206.1,25.300001
1949-08-16,0.23406526,0.34047537149556295,290.1,25.2
1949-09-16,1.6410083,1.5805767519612166,344.1,25.300001
1949-10-16,1.4098127,1.3436349345551972,189.0,24.4
1949-11-16,1.483975,1.4762917204664852,95.6,22.300001
1949-12-16,-1.1660024,-1.1456043628156767,0.0,19.800001
1950-01-16,-1.9034412,-1.8345039992078473,0.8,19.0
1950-02-15,-1.9232602,-1.8277599529920807,0.7,20.4
1950-03-16,-0.9883729,-0.9350030796424099,10.0,24.2
1950-04-16,-0.2504446,-0.1799847903022527,58.3,26.5
1950-05-16,-0.4318432,-0.34082126414592767,148.3,26.5
1950-06-16,0.58003175,0.6325162296076513,180.3,25.4
1950-07-16,-0.47752765,-0.5274779892429537,192.5,25.2
1950-08-16,-0.6393338,-0.6343069008630489,247.90001,25.4
1950-09-16,1.107287,1.1348214453964411,309.80002,25.0
1950-10-16,1.5344261,1.5359660531223382,190.5,24.1
1950-11-16,0.60478806,0.4899882484933287,55.600002,22.4
1950-12-16,0.60332954,0.5524386871144962,11.3,17.7
1951-01-16,1.9911883,2.002886745548182,65.9,18.9
1951-02-15,-1.0251482,-1.0616069179865135,0.2,21.1
1951-03-16,-0.3519578,-0.24962121969339313,15.900001,24.5
1951-04-16,-0.80325234,-0.7877680643014123,45.600002,27.300001
1951-05-16,-0.05833525,-0.023534810461367194,167.7,26.300001
1951-06-16,1.8616368,1.8100467146781964,255.5,25.300001
1951-07-16,1.0737774,1.0857080438144902,269.9,25.1
1951-08-16,-0.29319388,-0.3511474141716639,259.7,25.4
1951-09-16,0.9535865,0.9922678270263604,297.0,25.0
1951-10-16,1.267097,1.2490876312210644,177.5,24.2
1951-11-16,-0.1707382,-0.19618853673141107,30.4,22.4
1951-12-16,0.5384689,0.4735571524132303,10.2,18.9
1952-01-16,-0.7713358,-0.7630568160002258,0.8,19.5
1952-02-15,-0.0423297,-0.05072967856084433,7.9,22.1
1952-03-16,1.8351363,1.745460420096816,68.3,23.800001
1952-04-16,-0.99520916,-0.9427804520603701,36.0,26.2
1952-05-16,-0.45673564,-0.25039851403243185,146.8,26.800001
1952-06-16,-0.38192073,-0.4509958376424868,143.1,25.800001
1952-07-16,0.97301036,0.9612062900953567,260.0,25.300001
1952-08-16,0.23027022,0.3136246260624567,286.80002,24.9
1952-09-16,0.33512512,0.30870369961477456,258.1,24.800001
1952-10-16,-0.47272316,-0.523322368949101,92.200005,24.1
1952-11-16,-0.42060325,-0.36015741903259674,23.5,22.2
1952-12-16,-0.57470375,-0.5711692815792292,2.3,17.7
1953-01-16,1.8882897,1.9472027963882705,58.0,19.5
1953-02-15,1.2644882,1.2230394979817283,15.400001,20.9
1953-03-16,-0.6355485,-0.6122026037433358,8.6,23.9
1953-04-16,1.5745394,1.6036618657543025,142.3,26.7
1953-05-16,-0.15429264,-0.1671647996453654,158.8,25.800001
1953-06-16,1.72531,1.7138657815585319,253.8,25.5
1953-07-16,-0.42817938,-0.3585334990382824,194.6,25.300001
1953-08-16,0.10610516,0.06649862706380323,280.30002,25.1
1953-09-16,0.8337272,0.8038059750857646,289.7,24.800001
1953-10-16,0.7511817,0.5556934687521091,153.3,24.6
1953-11-16,0.4232509,0.3071844366902711,45.9,21.9
1953-12-16,-0.038884845,0.12702039984755042,8.2,19.0
1954-01-16,-2.038317,-1.7847934454660235,0.3,20.300001
1954-02-15,0.69423014,0.5640486589211146,12.7,21.0
1954-03-16,0.9289926,0.9472193358466253,36.3,23.7
1954-04-16,-0.49686274,-0.47384676660265707,56.0,27.1
1954-05-16,1.239572,1.2328164911752322,250.3,25.9
1954-06-16,-1.2611042,-1.2979350595528687,104.8,25.800001
1954-07-16,-2.6866076,-2.5007895318545854,105.9,25.4
1954-08-16,0.1693313,0.12719070447508798,286.7,25.2
1954-09-16,0.33330455,0.34038199992870216,258.0,24.6
1954-10-16,0.9126935,0.9463371076235524,161.40001,23.800001
1954-11-16,-0.6955643,-0.5814286554969437,19.4,21.2
1954-12-16,-0.038884845,0.08889429777029632,8.2,18.4
1955-01-16,-0.75767165,-0.7684397879734065,0.90000004,17.6
1955-02-15,0.0014780827,0.06663402648245222,8.3,20.7
1955-03-16,1.4146967,1.4089630912550335,56.4,23.5
1955-04-16,1.3659891,1.280551187577913,122.9,25.6
1955-05-16,0.1832609,0.19088999046469315,179.40001,26.0
1955-06-16,2.0491567,2.0374951670025903,271.9,24.9
1955-07-16,-0.35124886,-0.32868749594861196,194.8,25.2
1955-08-16,1.0173528,1.0267629675832315,334.5,24.9
1955-09-16,-0.15770034,-0.25882254576943287,234.6,24.800001
1955-10-16,-1.4433221,-1.4371440807165752,56.2,23.9
1955-11-16,-0.059980575,-0.01885900034674585,30.5,20.7
1955-12-16,-1.4644725,-1.4335771803954855,0.7,17.2
1956-01-16,-0.97360164,-0.9769240811404484,2.5,17.5
1956-02-15,1.5566083,1.4721589266993542,27.800001,21.0
1956-03-16,-1.4997964,-1.4901557931251166,3.7,24.2
1956-04-16,0.8283795,0.7910470539052186,94.6,26.0
1956-05-16,1.1691222,1.119190385008496,235.3,25.4
1956-06-16,0.28419295,0.3380274820254804,169.3,25.2
1956-07-16,0.35405573,0.34349967335217235,227.5,24.9
1956-08-16,-0.061961163,0.008571839235140967,271.6,24.800001
1956-09-16,1.174886,1.2033656723294315,311.1,24.6
1956-10-16,-0.9090928,-0.853569275215474,82.0,23.7
1956-11-16,-0.8736446,-0.8322958040469065,11.8,20.5
1956-12-16,-0.63544935,-0.5956835659138338,1.7,18.0
1957-01-16,-1.0994622,-1.0546419314337463,1.7,18.9
1957-02-15,0.07638323,0.07009258597522086,9.0,20.2
1957-03-16,-0.07447435,-0.0826431964376744,17.300001,23.6
1957-04-16,-0.5027197,-0.4872840529775132,52.7,26.6
1957-05-16,-0.93438226,-0.8949321340657237,129.90001,27.7
1957-06-16,1.2462167,1.110808365153232,220.3,26.1
1957-07-16,0.16783582,0.03838283530684552,218.3,25.4
1957-08-16,-0.13575679,-0.11999994661475841,274.0,25.4
1957-09-16,0.41482565,0.3023672516961227,262.5,24.9
1957-10-16,-0.49785697,-0.5755253579575578,97.3,24.1
1957-11-16,-1.3043596,-1.2671009361530106,7.5,22.300001
1957-12-16,-1.477477,-1.4460399529438994,0.6,19.9
1958-01-16,1.6086743,1.5439561892110105,47.3,19.800001
1958-02-15,-0.020334102,-0.08981525067617413,1.9,20.9
1958-03-16,1.1623917,1.1396818772896304,49.9,25.1
1958-04-16,-0.42967048,-0.5068871845358585,58.3,27.2
1958-05-16,-0.80291575,-0.793748188434466,135.0,27.800001
1958-06-16,0.9750808,0.8885645312686041,207.3,26.300001
1958-07-16,-0.0045814244,-0.07655881980944389,204.0,25.4
1958-08-16,-1.1068313,-0.9891033107505914,222.40001,25.300001
1958-09-16,-0.7197268,-0.679484770752076,203.90001,25.0
1958-10-16,0.31567013,0.3528929807387746,132.90001,24.2
1958-11-16,-1.1503483,-1.0899432401824871,8.1,20.9
1958-12-16,-1.477477,-1.4877414620562592,0.6,17.7
1959-01-16,0.46366927,0.5635136409076725,14.1,19.1
1959-02-15,-1.5564215,-1.458403242719138,2.9,21.800001
1959-03-16,0.14409937,0.12345467066355939,18.1,23.6
1959-04-16,0.17058277,0.16814041809705585,73.5,27.300001
1959-05-16,1.1828599,1.1003726392818707,251.90001,26.6
1959-06-16,-0.47541097,-0.5584192184538289,142.2,26.6
1959-07-16,1.0752213,1.0536664141857746,266.9,25.1
1959-08-16,1.093509,1.1118945841654784,333.1,25.1
1959-09-16,1.4110819,1.3837079242984556,321.0,24.7
1959-10-16,-1.6295946,-1.6027742103454177,49.600002,24.0
1959-11-16,-1.6891174,-1.6390542490141555,1.6,22.5
1959-12-16,-0.87951714,-0.8852816236788681,5.6,21.2
1960-01-16,1.3966056,1.4400867197456646,37.8,19.800001
1960-02-15,-0.04232954,-0.09188667280256269,1.7,21.0
1960-03-16,-1.1286304,-1.0776329283909085,11.3,24.7
1960-04-16,-1.7090602,-1.706470521867386,20.7,28.0
1960-05-16,-0.22402431,-0.1529524973254624,163.90001,27.0
1960-06-16,-0.5712425,-0.5223432983346752,135.0,26.1
1960-07-16,0.7904197,0.7212382970133703,251.6,25.4
1960-08-16,0.9508956,0.952298663910243,324.2,25.4
1960-09-16,0.5327351,0.48171482498720714,269.1,25.0
1960-10-16,-0.12517744,-0.11640090390366278,110.4,24.1
1960-11-16,0.050608523,0.028269498192813033,36.9,22.6
1960-12-16,1.3992211,1.3580452016315665,29.9,18.7
1961-01-16,-0.28059763,-0.18898082669160957,1.8000001,18.4
1961-02-15,1.2644882,1.2198423362893662,15.400001,20.800001
1961-03-16,0.78514695,0.8698003597408891,35.4,24.0
1961-04-16,0.75198066,0.7845923424330103,94.200005,27.0
1961-05-16,1.1515387,1.1273724172341235,243.2,25.800001
1961-06-16,-0.46372026,-0.36422807865329676,133.40001,26.0
1961-07-16,-0.80040467,-0.7975395212104501,172.8,25.4
1961-08-16,1.1510028,1.0904462515813895,336.80002,25.2
1961-09-16,1.3221734,1.386230170327598,311.7,24.6
1961-10-16,0.07220536,0.04171173661442352,122.1,23.7
1961-11-16,-0.33571753,-0.17249198290584944,28.9,21.5
1961-12-16,1.1497817,1.1454530705642947,29.0,19.4
1962-01-16,0.6642994,0.5577030122528883,8.3,18.2
1962-02-15,0.055209987,0.030393144383354463,5.7000003,20.2
1962-03-16,-1.192407,-1.1676593870036414,4.3,24.2
1962-04-16,-0.5085787,-0.5528338314032073,52.5,27.0
1962-05-16,-0.69403476,-0.6503036541333809,132.40001,26.2
1962-06-16,-1.0441808,-1.088825677282802,114.5,25.800001
1962-07-16,-0.10574053,-0.0001255019643131329,208.7,25.4
1962-08-16,-0.5479229,-0.45470523340837277,252.7,25.2
1962-09-16,-0.81653094,-0.8127033191894575,198.40001,24.800001
1962-10-16,0.2127836,0.2737583526638014,131.40001,23.9
1962-11-16,-1.2834101,-1.2379535908695585,8.0,21.7
1962-12-16,-0.87951714,-0.8884510187752925,5.6,18.7
1963-01-16,-0.047311403,-0.20606115859236576,1.1,16.5
1963-02-15,0.29745778,0.2754595251198194,11.2,20.6
1963-03-16,-0.20056483,-0.198425046601898,12.1,23.800001
1963-04-16,-0.68510103,-0.6480167427808508,49.600002,26.5
1963-05-16,-2.0741277,-1.9883290668828473,53.7,27.9
1963-06-16,0.508593,0.5502311149770455,183.0,25.9
1963-07-16,0.2985052,0.30784236021886024,218.5,24.800001
1963-08-16,0.5258119,0.5300619196254445,305.80002,25.2
1963-09-16,-0.20803429,-0.2743856376188559,235.0,25.300001
1963-10-16,1.9117768,1.8525279029905959,219.3,24.0
1963-11-16,0.9319866,0.8422989944160086,72.200005,22.6
1963-12-16,0.27888137,0.28155663520232194,9.3,19.0
1964-01-16,-0.7039763,-0.7344432537129119,4.4,19.300001
1964-02-15,-0.6247125,-0.6093451569831736,3.1000001,21.2
1964-03-16,-0.33260822,-0.2877788040651976,13.1,24.2
1964-04-16,-0.008353663,0.01689137277107107,73.1,27.2
1964-05-16,-0.06328583,-0.03510559176198626,161.2,25.7
1964-06-16,-0.97830933,-0.9125779761312889,117.4,25.9
1964-07-16,0.23176292,0.2550863389790449,224.5,25.4
1964-08-16,-1.354252,-1.233395695629039,204.90001,25.2
1964-09-16,0.44539538,0.4132802164866454,264.2,25.0
1964-10-16,1.089357,1.1071473479962188,167.6,24.4
1964-11-16,-0.2452361,-0.26319870182565197,25.2,20.800001
1964-12-16,0.13374238,0.2994372157292493,7.3,18.1
1965-01-16,0.16306499,0.0838613733525353,6.7000003,17.800001
1965-02-15,1.2160633,1.2008407007448596,20.7,21.5
1965-03-16,-0.5111183,-0.44623092794973934,13.5,23.6
1965-04-16,-1.057073,-0.9950235578378043,33.9,26.6
1965-05-16,-0.5031374,-0.42721651636415714,147.1,26.7
1965-06-16,1.053832,0.9190029380895478,199.40001,25.300001
1965-07-16,-0.9923401,-1.004096846688865,171.1,25.6
1965-08-16,0.26436567,0.27600076080658487,297.9,25.5
1965-09-16,-1.2189062,-1.205176487142925,174.40001,24.800001
1965-10-16,1.9577184,1.797190099370226,225.8,24.2
1965-11-16,-0.49185354,-0.4651085507222056,24.7,22.300001
1965-12-16,1.3103983,1.2629661594678676,30.300001,20.6
1966-01-16,0.6903449,0.6956400933539129,15.0,20.6
1966-02-15,-0.5984033,-0.5648881539184346,0.2,22.0
1966-03-16,-1.0501623,-1.0676303103120097,6.1,24.9
1966-04-16,-1.7829318,-1.767518023418043,11.900001,27.6
1966-05-16,1.192808,1.141354261066425,249.6,26.300001
1966-06-16,-0.6971373,-0.6153740004195288,129.6,26.0
1966-07-16,0.22358052,0.22056568892682604,221.0,25.6
1966-08-16,1.5611964,1.540223541050367,368.5,25.2
1966-09-16,-0.7656823,-0.7530500244145756,204.40001,24.800001
1966-10-16,-0.99122083,-0.9542873212155085,78.200005,24.4
1966-11-16,0.25419873,0.2811962443769814,43.3,22.4
1966-12-16,0.033431936,0.04991164198918083,12.2,20.7
1967-01-16,0.38650012,0.3451279372004524,9.8,18.800001
1967-02-15,-0.16658263,-0.15268078287188735,0.6,20.6
1967-03-16,-0.34549457,-0.2946061713621789,12.900001,23.9
1967-04-16,0.35758764,0.3155665417191424,77.6,26.4
1967-05-16,-0.26059845,-0.23740219271529966,155.5,26.300001
1967-06-16,0.69532406,0.5352104086580847,198.5,26.300001
1967-07-16,-0.026381653,-0.003879605888938025,212.3,25.7
1967-08-16,0.25680137,0.3320870274999664,291.30002,25.300001
1967-09-16,2.2161777,2.0835299685533606,386.6,24.9
1967-10-16,-0.9481336,-1.0004937475847278,77.1,23.7
1967-11-16,1.0603583,0.9242280833686415,78.200005,22.1
1967-12-16,-0.1136127,-0.14141610486873848,4.2000003,18.5
1968-01-16,1.1004143,1.0262457934404918,24.7,19.0
1968-02-15,0.30700094,0.3337089246211104,8.2,20.6
1968-03-16,-0.0744746,-0.04605325892259668,14.2,24.2
1968-04-16,1.4889082,1.4514930840443416,130.5,25.7
1968-05-16,0.25538856,0.28673031432928275,187.0,26.1
1968-06-16,1.5109605,1.4861098525122525,234.8,25.800001
1968-07-16,-1.0704235,-1.0640332585339818,167.90001,25.7
1968-08-16,0.6493991,0.5927989248479373,312.7,25.5
1968-09-16,-1.1575046,-1.1871311808597298,181.3,25.2
1968-10-16,-0.120568514,-0.17452963369699487,113.700005,24.2
1968-11-16,-0.90574515,-0.866094054149908,17.2,22.9
1968-12-16,-1.250502,-1.2558414111530953,5.5,20.800001
1969-01-16,-0.33367097,-0.21619524213393235,7.5,20.7
1969-02-15,-2.0472538,-1.9839022538237636,0.0,21.5
1969-03-16,-0.84506005,-0.8987254258346726,8.8,25.1
1969-04-16,-0.5379032,-0.5512184713564136,51.5,27.5
1969-05-16,0.90311384,0.9051718515419386,236.7,27.300001
1969-06-16,0.33170906,0.23745919252025358,171.5,26.2
1969-07-16,-0.1459151,-0.1165627550506887,197.6,25.0
1969-08-16,1.9021305,1.8755046759553609,398.9,25.1
1969-09-16,-0.4725374,-0.43007260034660466,220.7,25.0
1969-10-16,-0.5229455,-0.548752823189236,102.4,24.4
1969-11-16,-0.5640721,-0.4911994836991448,19.7,21.1
1969-12-16,0.11862277,0.17131849025471085,10.2,18.2
1970-01-16,0.33922902,0.3324537637590411,9.1,19.6
1970-02-15,0.33537132,0.2638057527857135,8.5,20.9
1970-03-16,1.4886427,1.2713275673101965,65.8,24.7
1970-04-16,0.35505384,0.4096775858373477,71.3,25.9
1970-05-16,1.8015066,1.7118710156785968,301.9,26.2
1970-06-16,1.836306,1.8468659022803244,259.6,25.6
1970-07-16,0.10698154,0.02433311542923623,209.2,25.1
1970-08-16,1.2270364,1.208439975150226,344.9,24.800001
1970-09-16,0.3587557,0.41003646483116096,262.5,25.0
1970-10-16,-1.2347206,-1.1650015445918835,60.4,23.800001
1970-11-16,-0.4730076,-0.39046482884571204,15.900001,21.6
1970-12-16,2.1000874,2.0352237572465652,61.100002,19.9
1971-01-16,-0.093174174,-0.10489775044713719,0.6,17.800001
1971-02-15,0.48029727,0.36550842697804176,3.9,20.1
1971-03-16,1.2412261,1.1868895194111397,34.100002,23.4
1971-04-16,-0.27338475,-0.20922921220447735,54.4,26.2
1971-05-16,1.3981818,1.4411938914652749,257.5,26.2
1971-06-16,1.50528,1.4549347791628906,228.2,25.300001
1971-07-16,1.9501218,1.9253492929548712,342.7,24.800001
1971-08-16,1.5638626,1.5657398502865298,362.5,24.9
1971-09-16,-0.3158509,-0.3436576730251188,226.1,25.2
1971-10-16,0.52317715,0.4201906493440198,139.3,23.300001
1971-11-16,-0.734757,-0.6765214957850043,15.3,20.0
1971-12-16,1.2363822,1.1637628408977547,28.2,19.2
1972-01-16,0.2758303,0.2506779021257081,5.1,17.9
1972-02-15,-0.77245647,-0.6700047779267759,2.0,21.1
1972-03-16,-0.15183006,-0.21531735776482516,9.8,23.4
1972-04-16,2.1415021,1.9303016271701976,168.6,25.4
1972-05-16,-1.339667,-1.3616170659469191,94.3,27.5
1972-06-16,-0.6715398,-0.8003989695503809,127.6,25.9
1972-07-16,-0.24085763,-0.22762355992985772,196.5,25.7
1972-08-16,0.63877916,0.6506036116527889,305.9,25.1
1972-09-16,-0.7656823,-0.7857623110261523,201.3,25.300001
1972-10-16,0.040222455,0.023923335889275275,120.700005,24.800001
1972-11-16,2.158942,2.1729452213610374,148.5,22.800001
1972-12-16,1.12616,1.1536632100802886,22.2,19.9
1973-01-16,-0.84116006,-0.8225493881783768,0.3,19.2
1973-02-15,-1.5086212,-1.5140243337569574,0.1,22.0
1973-03-16,2.2207286,2.1745410340649856,96.3,24.4
1973-04-16,-1.4249856,-1.444793522376565,21.300001,27.6
1973-05-16,0.79453105,0.7514334905990384,207.2,26.5
1973-06-16,0.45046315,0.3643228742464326,170.90001,26.300001
1973-07-16,1.1292951,1.0561889157357385,273.80002,25.7
1973-08-16,1.0856589,1.1291884037126076,329.5,25.300001
1973-09-16,0.8136883,0.7533908652654255,279.2,24.9
1973-10-16,-1.095439,-0.9716488537803384,67.1,24.2
1973-11-16,0.19213973,0.15172105468134514,32.0,21.0
1973-12-16,-0.48580372,-0.5114317501068556,0.1,17.5
1974-01-16,-0.86981636,-0.887279881676697,0.1,17.9
1974-02-15,-0.62471193,-0.642879198556732,0.0,20.0
1974-03-16,1.2274905,1.344125108664464,39.8,23.5
1974-04-16,1.3908908,1.3429568674685124,112.0,26.0
1974-05-16,0.028827583,0.030845213284694417,163.7,25.800001
1974-06-16,-0.121849075,-0.21853110701718376,141.90001,25.5
1974-07-16,-0.53663516,-0.5508566112863493,186.90001,25.5
1974-08-16,0.119545616,0.17226094686475424,277.9,25.2
1974-09-16,0.9665052,0.879419015198663,294.7,25.2
1974-10-16,0.13819584,0.17033655567774392,118.8,24.4
1974-11-16,1.5255724,1.4578322149316194,92.1,21.9
1974-12-16,0.04918027,0.08171237936341615,6.2000003,18.9
1975-01-16,2.264872,2.269473662797958,86.9,19.5
1975-02-15,0.20961463,0.2432823629886937,4.1,21.300001
1975-03-16,-0.23768349,-0.2860514407249747,8.400001,24.5
1975-04-16,-1.4307703,-1.405508644020456,18.0,27.4
1975-05-16,0.36444038,0.3050293527882393,184.6,26.300001
1975-06-16,1.0330615,1.0063395290142265,198.2,25.800001
1975-07-16,0.7854426,0.7515560554197568,251.3,25.4
1975-08-16,2.0231762,1.9137764142541758,400.2,25.2
1975-09-16,-0.04387412,-0.014595297407068924,240.7,25.0
1975-10-16,1.3697743,1.3827593458353968,186.6,24.4
1975-11-16,0.0008058867,0.04655004200147499,32.3,21.7
1975-12-16,1.2757223,1.2950009752080094,29.300001,17.300001
1976-01-16,-0.10251158,-0.17200840975113849,3.6000001,18.6
1976-02-15,0.67866504,0.6856860242311014,12.5,21.5
1976-03-16,-0.13377701,-0.12120274700181957,10.1,23.800001
1976-04-16,0.15192826,0.14064523850539612,63.5,26.7
1976-05-16,0.36600596,0.3050615697051515,175.40001,25.5
1976-06-16,-1.4722549,-1.3865650117024326,92.0,25.9
1976-07-16,-1.4154496,-1.3756223325211923,150.7,25.5
1976-08-16,-0.16491483,-0.20072383967262844,260.1,24.9
1976-09-16,0.5274226,0.5012959817549023,268.80002,25.2
1976-10-16,0.70817655,0.7236067620947663,148.1,24.5
1976-11-16,-0.19187939,-0.21679318214967164,20.5,21.0
1976-12-16,0.20766972,0.2753920037427349,8.3,18.9
1977-01-16,2.21993,2.274907568588227,87.9,19.9
1977-02-15,0.8065568,0.5642239887914752,1.8000001,20.1
1977-03-16,1.3661097,1.3032581305551614,35.8,23.300001
1977-04-16,1.1226639,1.1168493884154125,99.9,25.9
1977-05-16,-0.26891342,-0.33939371190294515,142.6,25.7
1977-06-16,-1.7685255,-1.652665161787229,87.200005,26.7
1977-07-16,-0.28432685,-0.1658627932993523,197.7,25.6
1977-08-16,0.38437238,0.46064990139579676,295.0,25.4
1977-09-16,0.930875,0.9508714949484927,289.4,24.800001
1977-10-16,1.6834769,1.527171026445904,203.3,24.5
1977-11-16,-0.43178678,-0.4889489414768765,20.1,21.300001
1977-12-16,1.9207771,1.882289946196998,51.0,19.0
1978-01-16,1.6339655,1.6530656241630979,42.4,20.1
1978-02-15,2.1471605,2.065616936882101,33.7,21.300001
1978-03-16,-1.0037386,-0.911832025679689,3.6000001,25.1
1978-04-16,-1.2213793,-1.2468762076095343,22.1,27.4
1978-05-16,0.52929103,0.42701816569481366,189.1,26.7
1978-06-16,-0.85227174,-0.9394196718686333,116.700005,26.4
1978-07-16,2.1314769,2.073302321804317,368.4,25.6
1978-08-16,-0.5326099,-0.45866921308609165,244.2,25.4
1978-09-16,0.25284562,0.27671332320417397,250.5,25.1
1978-10-16,-0.7461464,-0.78997738249781,86.3,24.300001
1978-11-16,-1.5634749,-1.6399419283480874,1.4,22.2
1978-12-16,-0.7711871,-0.7729245190853664,3.5,19.9
1979-01-16,-1.182516,-1.0491150160644471,1.2,21.300001
1979-02-15,-0.4316349,-0.5024777468926374,4.6,22.7
1979-03-16,-1.9647559,-1.865081664876515,1.7,25.800001
1979-04-16,0.22080599,0.14390489633201967,72.3,27.7
1979-05-16,-0.559342,-0.5634380732563554,134.40001,27.300001
1979-06-16,0.69532424,0.6749943942569961,186.1,26.2
1979-07-16,-2.2479386,-2.1485602119003606,120.0,26.4
1979-08-16,-1.143709,-1.1103289468435156,207.90001,25.6
1979-09-16,-0.3639792,-0.33638946843082435,223.5,25.7
1979-10-16,-1.0764432,-1.0364499561990033,74.200005,24.2
1979-11-16,-1.5807046,-1.6635885065596416,1.0,21.800001
1979-12-16,-0.91269445,-0.9520109713902676,2.2,19.6
1980-01-16,-1.3981049,-1.3910611560777533,0.0,19.7
1980-02-15,-0.9394215,-1.0530385382787602,0.8,22.1
1980-03-16,0.96622604,0.9928959823792435,40.5,25.5
1980-04-16,-0.7677912,-0.8345450686650672,37.5,28.2
1980-05-16,0.7360475,0.7212441314054615,221.7,27.7
1980-06-16,0.8792833,0.8060402491490632,192.7,25.9
1980-07-16,-0.024196852,-0.06983507152893606,206.2,25.9
1980-08-16,-1.6922201,-1.6249849318872902,177.7,25.2
1980-09-16,-0.4688746,-0.383537105746082,208.5,25.0
1980-10-16,-0.13439655,-0.16232316982595907,106.9,24.1
1980-11-16,-0.04298454,0.08148110640319577,34.100002,22.2
1980-12-16,1.490486,1.4789212000670555,36.0,19.4
1981-01-16,0.05743169,-0.01400189820926193,2.3,18.4
1981-02-15,-0.34492886,-0.30881900601712675,2.2,21.2
1981-03-16,-0.62852263,-0.492367469374275,8.7,24.4
1981-04-16,0.14925684,0.33515747215826047,66.5,26.0
1981-05-16,1.4605445,1.4564311090936632,256.80002,25.7
1981-06-16,0.59213907,0.41993338246356104,171.6,25.0
1981-07-16,1.8060749,1.8311389364107051,326.6,24.7
1981-08-16,-0.5822992,-0.5643961059898102,241.6,24.9
1981-09-16,-1.3296806,-1.3139252970422521,170.5,25.0
1981-10-16,-0.6092166,-0.6287812205110538,86.200005,24.1
1981-11-16,1.5864882,1.619087828096181,93.1,21.7
1981-12-16,0.91976684,0.8265400884437004,14.3,17.7
1982-01-16,0.22435711,0.17425805501888647,4.4,18.300001
1982-02-15,-0.7861409,-0.8010602574364534,1.9,21.4
1982-03-16,-1.2570996,-1.267944580732035,3.5,24.6
1982-04-16,0.4770404,0.5061717448973823,70.0,25.800001
1982-05-16,-0.3321193,-0.21360481463224987,148.1,26.4
1982-06-16,-0.60859853,-0.5926569217830271,127.200005,25.300001
1982-07-16,-0.9265848,-0.9709011146829879,167.6,25.0
1982-08-16,-0.85253745,-0.702691555043005,224.1,24.5
1982-09-16,1.4685035,1.4534304429130438,325.1,24.4
1982-10-16,-0.7394632,-0.7578981061347252,86.6,24.1
1982-11-16,-0.7979261,-0.7571212376637223,16.800001,22.9
1982-12-16,-0.64568967,-0.6572864419700467,1.6,17.5
1983-01-16,0.7357641,0.6854352731315911,15.900001,18.5
1983-02-15,-0.8831009,-0.8902468191088772,1.2,21.800001
1983-03-16,-1.4484727,-1.5639393041559908,4.3,24.9
1983-04-16,-1.8875934,-1.784814227826173,17.5,28.4
1983-05-16,-0.47166026,-0.5339774168589265,145.90001,27.5
1983-06-16,-1.517176,-1.4867185270341405,93.0,26.1
1983-07-16,-0.7569073,-0.7232948802703544,180.8,26.0
1983-08-16,0.28136057,0.2503488338944046,289.5,25.300001
1983-09-16,-0.053202935,-0.08907925488991224,237.1,25.1
1983-10-16,1.5233343,1.5587576586651144,186.7,23.9
1983-11-16,1.9512749,1.9359958235039796,121.9,20.4
1983-12-16,0.9244112,0.9777673610999975,23.7,18.2
1984-01-16,-0.14042245,-0.15687507198339548,0.1,18.5
1984-02-15,1.7716184,1.6972938935057804,24.1,22.1
1984-03-16,-1.1683848,-1.1439046383109805,1.5,24.300001
1984-04-16,1.0826687,1.1677308237350106,107.1,27.1
1984-05-16,-0.72340214,-0.7058214295857024,121.3,26.1
1984-06-16,0.7031306,0.6002796801789259,180.3,25.1
1984-07-16,-0.51531374,-0.5067456260007409,184.7,24.9
1984-08-16,0.2643657,0.18204380639045203,285.5,25.0
1984-09-16,-0.7937914,-0.7622765405849361,199.7,24.4
1984-10-16,0.5658756,0.5748249940475509,138.2,23.4
1984-11-16,-1.0313013,-0.883873533605124,11.0,22.0
1984-12-16,-1.0834411,-1.0440782748044148,0.7,19.5
1985-01-16,-0.083892725,-0.09791388729368085,6.9,20.2
1985-02-15,-0.8831009,-0.7270079385013487,1.2,22.2
1985-03-16,-1.2327312,-1.2810326979042954,0.7,24.9
1985-04-16,1.853124,1.7059804090066792,153.2,26.800001
1985-05-16,0.17520215,0.15545188225613543,169.6,25.7
1985-06-16,-0.2258726,-0.25996823725288615,134.3,24.9
1985-07-16,-0.15039854,-0.18041930345923343,197.40001,24.5
1985-08-16,-0.133813,-0.10384019235370365,261.7,24.9
1985-09-16,-0.19685438,-0.11520610983567567,229.40001,24.5
1985-10-16,0.10638527,0.08470929790532024,120.5,23.7
1985-11-16,1.997978,1.950057645353414,132.40001,22.1
1985-12-16,-0.8033242,-0.7572255753325062,0.1,18.800001
1986-01-16,-0.46813115,-0.4569419775062794,0.1,18.2
1986-02-15,-1.0107564,-1.0141638560147845,0.3,21.300001
1986-03-16,-1.0346336,-1.14415751875067,3.2,23.4
1986-04-16,0.76744765,0.7523606904866973,91.8,26.4
1986-05-16,0.15744361,0.05661621289969915,165.40001,25.6
1986-06-16,0.16566832,0.11630745517825077,163.90001,25.800001
1986-07-16,-0.011110189,-0.03868662557851575,203.7,25.0
1986-08-16,-1.262974,-1.1249791479712845,210.3,25.300001
1986-09-16,-1.4465424,-1.352207511694749,166.0,25.0
1986-10-16,-0.046917006,-0.07587283157729202,116.9,24.1
1986-11-16,0.020820737,0.03121862236355592,32.9,21.9
1986-12-16,2.0346677,2.0328964736042363,60.3,19.300001
1987-01-16,0.04047578,0.015062443065036495,5.2000003,20.0
1987-02-15,1.0657665,0.9411757573762295,15.0,21.7
1987-03-16,0.9695637,0.9094338536711473,34.4,24.4
1987-04-16,0.8369625,0.8025218126104537,101.200005,27.300001
1987-05-16,-1.7820215,-1.7641052873259322,72.6,27.7
1987-06-16,-1.096106,-1.0905361336620016,115.3,26.800001
1987-07-16,-1.6335139,-1.6546822431522425,144.90001,26.4
1987-08-16,0.9802315,0.9614445206746128,344.6,26.1
1987-09-16,-0.09612494,-0.13149442301005354,241.0,25.7
1987-10-16,-1.6201841,-1.5062737058516489,53.2,25.300001
1987-11-16,1.7876141,1.6181212780020091,117.3,23.0
1987-12-16,-0.46640688,-0.485102501377053,0.3,17.5
1988-01-16,-1.3981049,-1.3857462378167018,0.0,20.4
1988-02-15,-0.16658239,-0.15904122845435953,9.900001,22.800001
1988-03-16,-1.5343556,-1.4931476012505904,0.2,25.5
1988-04-16,1.3726611,1.2886877370973115,129.5,27.1
1988-05-16,0.5983968,0.6746789112160363,206.1,26.4
1988-06-16,2.0708582,1.9982628407621053,286.30002,26.0
1988-07-16,0.038689706,0.0057644126720460456,215.3,25.800001
1988-08-16,-0.8617442,-0.797537391870271,236.0,25.800001
1988-09-16,-1.6926769,-1.7158087858103541,152.3,25.6
1988-10-16,0.73280674,0.7775432895299659,149.3,24.1
1988-11-16,0.7400005,0.6955501074379372,54.7,20.800001
1988-12-16,-0.79257774,-0.7685179773447891,0.2,18.800001
1989-01-16,-0.10251102,0.06860439544728332,9.8,20.9
1989-02-15,-1.5086212,-1.5143534445750646,0.1,21.6
1989-03-16,0.8587822,0.6942587052060168,28.1,24.2
1989-04-16,-1.5690303,-1.5334657206352857,25.6,27.800001
1989-05-16,0.70862114,0.7777046935155542,219.8,26.9
1989-06-16,-0.17953956,-0.1669108971223899,148.7,25.9
1989-07-16,0.488522,0.43833279801856806,237.6,26.0
1989-08-16,-1.4682513,-1.4766825209012309,207.3,25.800001
1989-09-16,-0.42298362,-0.44119129078706315,223.40001,25.5
1989-10-16,0.87544024,0.8006023401992575,159.5,24.300001
1989-11-16,-1.039463,-0.9900212267150686,10.8,22.2
1989-12-16,-1.0717999,-1.1313080580257018,0.8,18.6
1990-01-16,-0.82698995,-0.6935106919260879,3.5,21.0
1990-02-15,1.7539356,1.5488783719693986,32.9,22.4
1990-03-16,1.0537108,1.0356478524152308,40.100002,24.5
1990-04-16,-1.0452981,-1.0413913030190045,37.4,27.5
1990-05-16,1.6251096,1.6373725573891327,287.5,26.5
1990-06-16,-0.18416607,-0.2282889787358779,148.5,26.4
1990-07-16,-0.08134934,-0.11831979074630972,206.7,25.9
1990-08-16,-1.850058,-1.6939777682092478,189.0,26.2
1990-09-16,-1.0470861,-1.0487723626428,191.1,25.6
1990-10-16,0.6916742,0.7029607223034208,153.5,24.6
1990-11-16,1.0165218,0.9908493457725415,76.1,22.6
1990-12-16,-1.1303868,-1.0669266059695663,0.3,19.800001
1991-01-16,0.20168902,0.21899666332233317,13.400001,21.2
1991-02-15,-1.0540568,-1.13990939991943,0.0,21.9
1991-03-16,-1.1365535,-1.079662870970605,8.1,26.0
1991-04-16,0.27559784,0.20227638155248878,80.6,27.9
1991-05-16,-1.266211,-1.2751553783150966,102.3,27.800001
1991-06-16,0.810432,0.6136836210865747,189.0,26.300001
1991-07-16,-1.5942979,-1.5714492314474353,143.40001,26.2
1991-08-16,1.2850347,1.2271608784854984,348.80002,25.4
1991-09-16,-0.73567283,-0.7868230631298547,206.1,25.800001
1991-10-16,-0.7639407,-0.7278251792621505,85.5,24.300001
1991-11-16,0.9866518,0.9365139503349621,71.6,21.7
1991-12-16,0.8134404,0.8247759726919833,18.300001,19.7
1992-01-16,0.3798522,0.4314332673829115,9.7,19.0
1992-02-15,1.8914902,1.8041647957142106,37.0,21.0
1992-03-16,-2.1241448,-2.1054274454931066,0.1,25.0
1992-04-16,-1.2681074,-1.342507345094913,36.0,28.5
1992-05-16,-2.3742034,-2.267034144266425,36.0,28.5
1992-06-16,-1.1723193,-1.1331869877998848,118.1,26.9
1992-07-16,1.5847454,1.5283525547245744,310.80002,25.7
1992-08-16,-0.9440005,-0.8513207771597778,234.6,25.7
1992-09-16,0.25651732,0.15054179414996574,263.1,25.5
1992-10-16,0.9456925,0.9099163621557687,153.8,23.300001
1992-11-16,0.2907491,0.24257367599023089,44.5,20.9
1992-12-16,1.454856,1.4211024596170208,41.0,19.0
1993-01-16,-0.121353224,-0.14987612245476906,0.3,19.5
1993-02-15,-0.99640626,-1.0367300921929872,0.4,20.6
1993-03-16,1.0847762,1.1160239709883224,41.100002,24.5
1993-04-16,0.2626218,0.30073198231865295,77.0,26.800001
1993-05-16,-0.29718864,-0.2933728788237507,156.40001,27.2
1993-06-16,-1.5787467,-1.5347118105081914,102.5,26.9
1993-07-16,-1.0875219,-1.0196816578081165,176.5,26.6
1993-08-16,-1.1367055,-1.0874529342560337,214.5,25.6
1993-09-16,0.9600513,0.9095878475529117,303.6,25.5
1993-10-16,-0.39249203,-0.46164909690656164,105.0,24.5
1993-11-16,-1.6586319,-1.721283745279279,2.3,22.4
1993-12-16,-0.9913549,-1.0079034255405326,1.5,19.300001
1994-01-16,-1.9294463,-1.849276339288299,0.7,20.6
1994-02-15,-1.4770128,-1.4410215240094086,0.3,23.1
1994-03-16,2.102521,2.0422682959484297,86.6,24.2
1994-04-16,-0.32232928,-0.3135297665891155,58.9,27.4
1994-05-16,1.0502183,1.1427941208956436,235.3,26.6
1994-06-16,1.6269062,1.577744388828366,240.1,25.800001
1994-07-16,1.3878225,1.2480341188739714,287.4,25.2
1994-08-16,1.7178519,1.7071742022847822,377.5,25.1
1994-09-16,-0.077462174,-0.16068200217619272,242.0,25.5
1994-10-16,-1.1582719,-1.0899569531332416,73.4,23.7
1994-11-16,-0.30655655,-0.2126862811591205,29.7,21.6
1994-12-16,0.09573233,0.17152118214637505,13.0,20.7
1995-01-16,-0.57609046,-0.5511933025554947,2.3,20.4
1995-02-15,-0.5205146,-0.5556868491357967,0.8,20.7
1995-03-16,0.034515962,0.07667846480247176,19.2,25.2
1995-04-16,-0.9332486,-0.9700455457989594,38.100002,27.6
1995-05-16,0.010787455,-0.012300856175329878,171.90001,27.1
1995-06-16,-0.32124668,-0.28042301970933003,151.90001,26.9
1995-07-16,1.5542418,1.5734545349296125,308.0,25.7
1995-08-16,1.8441604,1.8239470473684356,384.7,25.0
1995-09-16,-0.79379135,-0.797662256378383,202.8,25.5
1995-10-16,-0.9567759,-0.9030861441745921,73.6,24.300001
1995-11-16,0.98234177,1.0644704307345414,65.200005,22.300001
1995-12-16,-0.79257774,-0.7716961453227522,0.2,18.6
1996-01-16,-1.3981049,-1.3581290363860694,0.0,19.6
1996-02-15,2.1037269,2.00744949568431,32.0,20.2
1996-03-16,0.06240231,0.048027279735865444,19.7,24.7
1996-04-16,1.1785096,1.261267712567279,109.1,26.300001
1996-05-16,-0.5791353,-0.5396212755908708,130.1,25.7
1996-06-16,0.60821795,0.6408574513050808,187.90001,25.5
1996-07-16,-0.3396631,-0.41570743269523225,195.3,25.5
1996-08-16,-0.12798269,-0.1445799636806969,271.30002,25.4
1996-09-16,-0.8461311,-0.7903684997019373,196.7,24.9
1996-10-16,0.060791433,0.05411670822367126,121.6,24.1
1996-11-16,0.8892693,0.7953305197834344,64.1,22.6
1996-12-16,-0.06352337,-0.22301856368457304,4.8,19.0
1997-01-16,-0.8554349,-0.7549095346063238,0.2,18.9
1997-02-15,-0.9394215,-1.0065218244586185,0.8,21.300001
1997-03-16,0.675878,0.8226184400487453,29.5,24.1
1997-04-16,-0.2161534,-0.10808030486586956,56.4,25.800001
1997-05-16,-1.0260134,-0.9238684191506069,121.0,27.1
1997-06-16,-0.37257943,-0.3648309374448501,155.90001,27.0
1997-07-16,1.18186,1.1999672454033252,277.6,26.0
1997-08-16,-0.040629633,0.044574104812075105,275.80002,25.7
1997-09-16,-0.7744806,-0.808280679637125,200.8,25.2
1997-10-16,-0.20358142,-0.2769450619275283,116.3,24.800001
1997-11-16,0.027464494,-0.18533358636555627,39.3,23.0
1997-12-16,-1.349579,-1.3343403885977545,1.6,21.300001
1998-01-16,-1.0832744,-0.9945208632082835,4.9,21.1
1998-02-15,-1.888563,-1.8813767387059621,0.90000004,22.6
1998-03-16,-1.2084941,-1.120926502568501,10.3,25.800001
1998-04-16,-0.9922605,-0.9634807900262867,39.2,28.0
1998-05-16,-0.15926807,-0.1892420754382035,167.8,27.800001
1998-06-16,-0.1887942,-0.21059954907684306,160.7,27.0
1998-07-16,-0.47281557,-0.5071686407207536,192.7,26.2
1998-08-16,-0.6146604,-0.5484651067442138,255.40001,26.0
1998-09-16,-1.3171737,-1.2624231164735948,177.5,25.4
1998-10-16,-2.0942755,-1.9412735448237446,26.6,25.0
1998-11-16,0.6231733,0.7404395369062812,59.4,22.4
1998-12-16,-0.4760895,-0.44737885524038085,3.3,20.4
1999-01-16,0.7406986,0.7586324490507032,16.0,20.300001
1999-02-15,1.1371461,1.052450816464236,16.2,22.0
1999-03-16,0.7196978,0.7876778415263719,36.8,24.7
1999-04-16,1.832617,1.688654564183254,139.2,25.6
1999-05-16,0.9614585,0.9369025123308743,219.3,25.0
1999-06-16,-1.2101713,-1.1919959566068847,100.9,25.5
1999-07-16,-1.8199816,-1.8044235770578418,137.3,25.4
1999-08-16,0.14638127,0.2099085542636249,282.4,25.300001
1999-09-16,-0.53822803,-0.34430925111997374,217.1,24.800001
1999-10-16,0.3863766,0.4715513991379703,133.0,24.2
1999-11-16,0.34165013,0.3416248532045353,43.100002,22.300001
1999-12-16,0.7254678,0.7023056520906719,13.5,17.4
2000-01-16,-1.0198444,-0.9186152517547541,2.2,20.5
2000-02-15,1.3364881,1.2105457222403042,16.800001,20.9
2000-03-16,1.093961,1.0211654432935882,41.4,24.2
2000-04-16,1.8118612,1.6780806015474548,146.90001,26.0
2000-05-16,1.0001979,1.1218709687733686,228.40001,25.6
2000-06-16,0.55569416,0.5261923548912741,179.1,25.6
2000-07-16,-0.59848243,-0.657584208900715,184.3,25.300001
2000-08-16,-1.6361569,-1.4439428083881454,190.6,25.7
2000-09-16,0.25284594,0.24938217733322388,256.7,24.800001
2000-10-16,0.21053205,0.22641617882976614,128.2,24.6
2000-11-16,-1.602286,-1.6056610845868573,3.6000001,21.9
2000-12-16,-1.3370425,-1.2769017779565222,1.7,20.800001
2001-01-16,-0.38844377,-0.25091611404320746,7.0,21.300001
2001-02-15,-0.2604275,-0.4183720038219568,2.9,22.1
2001-03-16,2.4816108,2.4109385069475775,109.8,23.9
2001-04-16,-1.5919673,-1.639969183902382,21.7,28.300001
2001-05-16,1.4739463,1.424902820795365,261.1,25.5
2001-06-16,-0.5081435,-0.5099422340646564,131.5,25.5
2001-07-16,0.5987232,0.5868640704870948,237.40001,25.4
2001-08-16,-0.2582291,-0.11920780012796933,264.6,25.300001
2001-09-16,0.7104066,0.6335039879300085,282.4,25.2
2001-10-16,1.373133,1.376325757417767,183.7,24.4
2001-11-16,-0.8058613,-0.7136159218987038,13.5,20.5
2001-12-16,-0.13055195,-0.11180115648192002,7.1,19.800001
2002-01-16,0.91330874,0.9374021407105368,19.800001,19.4
2002-02-15,0.32595742,0.3338781858719601,8.400001,21.9
2002-03-16,-0.15787473,-0.22448205918978156,9.7,24.4
2002-04-16,-0.517371,-0.36462128261079974,49.100002,26.9
2002-05-16,1.5636233,1.5943162768811174,275.5,25.9
2002-06-16,-0.44735482,-0.5450009257933719,137.2,25.9
2002-07-16,-0.76414955,-0.7512263723114463,171.2,25.7
2002-08-16,1.2569213,1.2895737129591,343.80002,25.0
2002-09-16,0.31690353,0.3353067814916305,260.2,24.6
2002-10-16,-0.47500986,-0.31722681218196175,104.5,24.300001
2002-11-16,2.0775428,2.081836035853952,143.2,22.5
2002-12-16,1.6016307,1.5731656260540898,43.100002,21.0
2003-01-16,1.218199,1.242251938203982,25.2,19.300001
2003-02-15,1.4740158,1.364596925842342,22.800001,21.5
2003-03-16,1.4545397,1.3173251479946333,45.7,23.800001
2003-04-16,0.2652207,0.2494565764790874,80.200005,27.2
2003-05-16,-1.03072,-0.8487628433892309,114.5,26.800001
2003-06-16,-0.1610492,-0.21850212669734398,143.3,25.7
2003-07-16,-1.1168451,-0.9183684186411738,166.0,25.4
2003-08-16,-1.9920466,-1.8984494475688765,163.8,25.6
2003-09-16,0.9729482,0.9264926792360929,295.1,25.1
2003-10-16,-0.7905546,-0.8205618620550512,87.4,24.7
2003-11-16,-1.6369194,-1.6698237256461712,5.9,23.1
2003-12-16,-0.8141051,-0.839102197343122,0.0,19.2
2004-01-16,-0.29107976,-0.3647525351394496,4.8,20.0
2004-02-15,0.012315793,-0.031594868758176076,2.2,20.9
2004-03-16,-1.2084934,-1.1168338255703474,4.1,25.1
2004-04-16,0.1385545,0.08109077173158434,72.3,27.800001
2004-05-16,0.9935536,1.0582299308843672,234.1,26.2
2004-06-16,0.84040546,0.8297955088833673,190.6,25.4
2004-07-16,0.094266966,0.15984898037301762,214.8,25.2
2004-08-16,-1.4812788,-1.4893336974687061,197.2,25.300001
2004-09-16,1.3236272,1.3816183601937397,318.0,24.9
2004-10-16,-1.2816536,-1.3048404245806164,67.4,24.2
2004-11-16,-0.44673744,-0.3614491619589458,29.0,23.0
2004-12-16,-1.1660024,-1.10760841665688,0.0,18.7
2005-01-16,-0.2190483,-0.2193984085656,5.5,19.800001
2005-02-15,-1.8200585,-1.7743208394227574,4.4,22.800001
2005-03-16,1.3784359,1.2831617586376913,45.600002,24.300001
2005-04-16,-0.12547165,-0.12766621006216455,62.7,27.0
2005-05-16,-1.18261,-1.1125042807706524,104.700005,26.9
2005-06-16,0.604205,0.5878866222279812,184.6,26.2
2005-07-16,0.94392157,0.9111667958826399,264.30002,25.5
2005-08-16,-0.14741884,-0.08462954077720043,264.1,25.300001
2005-09-16,2.0284612,1.9641952717132303,375.80002,25.0
2005-10-16,-0.21972966,-0.24251880552545624,112.5,24.5
2005-11-16,-0.19541441,-0.22482332854031228,29.7,22.6
2005-12-16,1.8606368,1.7982208703642042,48.0,19.300001
2006-01-16,-0.8843059,-0.8627377881593513,0.0,19.800001
2006-02-15,0.63912284,0.5225104276137007,12.0,22.2
2006-03-16,0.9992602,0.9783895543003787,38.4,25.0
2006-04-16,1.5291648,1.4521279681121912,136.2,26.5
2006-05-16,1.1703738,1.181155632176416,244.7,25.5
2006-06-16,0.31016895,0.2815099600655924,179.8,26.0
2006-07-16,1.8182237,1.7767949384388013,327.9,25.2
2006-08-16,1.199883,1.1355065818925214,346.2,25.0
2006-09-16,0.11064828,0.034343237436010504,252.1,25.0
2006-10-16,-0.0929279,-0.15089839738143218,118.0,24.5
2006-11-16,-1.710957,-1.7902709601431634,4.2000003,23.300001
2006-12-16,-1.1185929,-1.1032526383861765,0.4,19.7
2007-01-16,-0.44499463,-0.5143754777310816,0.3,19.800001
2007-02-15,-0.357181,-0.3100913506544427,2.1000001,21.300001
2007-03-16,-0.53839606,-0.49503766195907273,13.1,24.9
2007-04-16,1.0242082,0.9984250270887217,104.1,26.9
2007-05-16,2.0927854,2.064344783885401,327.7,25.2
2007-06-16,0.24059892,0.3802700351839896,173.5,26.300001
2007-07-16,-1.1999931,-1.1685729591141532,156.40001,25.300001
2007-08-16,-1.023336,-0.9499697858944246,224.0,25.300001
2007-09-16,0.11806986,0.06574870006941849,249.40001,25.2
2007-10-16,0.35774425,0.3672724149693481,131.7,24.1
2007-11-16,0.40888244,0.3793077011833728,45.4,21.2
2007-12-16,-1.5565685,-1.452536314310014,0.0,20.5
2008-01-16,1.5723386,1.5720616057579448,45.5,20.4
2008-02-15,2.0773358,2.0214230776767157,31.0,21.1
2008-03-16,0.9186712,0.9070262513172564,26.7,24.4
2008-04-16,1.0711023,0.9259157132211194,103.4,26.7
2008-05-16,0.6984654,0.6054951156668021,203.6,25.300001
2008-06-16,-0.5315197,-0.47408776532414626,130.5,25.7
2008-07-16,-0.059283484,-0.10425121888850708,207.7,25.4
2008-08-16,-0.83038867,-0.7146584468504718,234.6,25.4
2008-09-16,-0.2154852,-0.17728487212855243,234.6,25.0
2008-10-16,1.5798877,1.5565780660576192,196.5,24.7
2008-11-16,0.4289736,0.5834116860808459,52.3,21.800001
2008-12-16,0.34072632,0.3894316064788825,13.3,18.800001
2009-01-16,-0.102511175,-0.19958732564534776,0.5,18.300001
2009-02-15,-1.5245024,-1.453006131927167,0.0,22.300001
2009-03-16,0.8297513,0.8101744908675161,30.4,24.300001
2009-04-16,0.4965272,0.47266555509336866,77.0,26.7
2009-05-16,0.91814196,0.8900606908521626,228.5,26.0
2009-06-16,0.10099791,0.19146008935758854,157.90001,25.7
2009-07-16,0.16991636,0.08209044371224457,215.3,25.4
2009-08-16,-1.545831,-1.4069425416971728,199.40001,26.0
2009-09-16,-0.8582736,-0.7524199100687277,202.2,25.5
2009-10-16,-0.31656936,-0.32686154415808905,108.3,24.800001
2009-11-16,-1.6109322,-1.6598435933995657,3.4,22.5
2009-12-16,-1.2873342,-1.209664710372779,2.1000001,20.300001
2010-01-16,1.0430768,1.0648112103368308,26.2,21.0
2010-02-15,-2.029283,-1.9408280868582426,0.1,22.7
2010-03-16,0.21773395,0.1787308405324406,19.5,25.1
2010-04-16,-1.0423536,-1.0509154157728189,40.600002,28.300001
2010-05-16,-1.4121479,-1.4910289929458294,95.6,28.300001
2010-06-16,-0.6878325,-0.6104936804890653,139.3,27.300001
2010-07-16,-0.26827592,-0.2635420153427548,201.5,26.1
2010-08-16,1.485456,1.4804374606219062,362.9,25.2
2010-09-16,0.14957394,0.07985809137845765,254.2,25.4
2010-10-16,1.2896609,1.219025436222993,175.7,24.1
2010-11-16,-1.7460159,-1.7228638860395078,0.3,22.4
2010-12-16,0.8868088,0.8685137272309703,22.9,20.5
2011-01-16,1.2120252,1.2077468323350717,25.0,19.6
2011-02-15,-0.8691246,-0.7370165187327494,1.3000001,21.7
2011-03-16,2.2355816,2.213921221687518,85.200005,22.9
2011-04-16,1.1894999,1.209607875651749,100.4,25.4
2011-05-16,1.5721983,1.609897084840832,276.30002,25.7
2011-06-16,1.9530256,1.9064479067460045,266.4,25.6
2011-07-16,0.6956608,0.7058602448255253,246.0,25.300001
2011-08-16,1.6087834,1.582302539589707,375.2,25.2
2011-09-16,0.5592277,0.5488065012235103,270.6,24.9
2011-10-16,-0.9003839,-0.7789731227985852,76.200005,24.300001
2011-11-16,-0.99060184,-0.9155715729025133,18.2,23.0
2011-12-16,-0.31586802,-0.3458419501810084,1.9,19.6
2012-01-16,0.45741677,0.4867462003099877,14.0,21.0
2012-02-15,-1.3833767,-1.3464217537332586,0.90000004,22.4
2012-03-16,0.22289835,0.236100652192481,19.6,25.0
2012-04-16,0.5279321,0.486585051845221,87.6,27.2
2012-05-16,0.6868251,0.6587802779411648,215.2,26.5
2012-06-16,-0.9919732,-1.0325818820029584,110.6,26.0
2012-07-16,-0.09242089,-0.05406256439623279,200.0,25.4
2012-08-16,-0.46731356,-0.4832449927650734,253.8,25.5
2012-09-16,-1.0985154,-1.0032230506529018,181.8,25.1
2012-10-16,-0.01935426,-0.04633607256185615,127.4,25.1
2012-11-16,0.6671484,0.7091139617930488,61.100002,23.9
2012-12-16,-0.6456893,-0.6942444625518626,4.7000003,21.7
2013-01-16,1.4288863,1.426752876716717,36.0,20.5
2013-02-15,1.6954806,1.599113424784179,28.2,23.0
2013-03-16,1.0090231,0.954482685545311,38.7,25.4
2013-04-16,-1.6148751,-1.6333670369161615,14.7,27.7
2013-05-16,-0.9184658,-0.8160823265331288,124.700005,27.4
2013-06-16,-1.0870963,-1.027146102393332,115.700005,26.1
2013-07-16,1.7976079,1.7664257331546405,328.80002,25.300001
2013-08-16,1.2013977,1.1936751303472057,349.4,25.800001
2013-09-16,1.2351936,1.2837011630919026,315.1,24.9
2013-10-16,0.42143452,0.3778769123433178,134.6,24.2
2013-11-16,0.51589143,0.3684062034411993,55.4,23.2
2013-12-16,1.899139,1.811243744553372,49.9,17.800001
2014-01-16,-0.4798129,-0.448752535176828,0.0,18.5
2014-02-15,-1.0540568,-1.025311122200449,0.0,21.9
2014-03-16,-0.5111184,-0.48276900006140067,10.400001,24.800001
2014-04-16,-0.25903988,-0.27439104614291127,58.0,27.1
2014-05-16,0.22021857,0.27772550505838733,194.1,27.300001
2014-06-16,-1.2035041,-1.1716302657435411,107.4,26.5
2014-07-16,0.38729352,0.3888906263129385,229.2,25.800001
2014-08-16,0.26625627,0.30862674526069594,291.80002,25.5
2014-09-16,-1.1672587,-1.2581053256316894,183.8,25.5
2014-10-16,0.02649336,-0.023227528041772753,123.200005,24.800001
2014-11-16,-0.111474805,-0.17470941388833017,38.3,23.7
2014-12-16,-0.8033242,-0.8571124972737703,0.1,20.2
2015-01-16,2.145756,2.0359039536734294,80.0,19.300001
2015-02-15,-0.23669247,-0.19222287487495057,3.1000001,21.800001
2015-03-16,1.0347329,0.9613199968609295,42.600002,26.1
2015-04-16,0.15726615,0.2339621984372492,69.9,27.1
2015-05-16,-1.8700807,-1.8564888403435036,66.1,28.1
2015-06-16,-2.1318014,-2.0465227415516467,75.3,27.5
2015-07-16,-0.8246141,-0.8556630980005484,178.0,26.300001
2015-08-16,-0.5191944,-0.5060012938476772,260.4,26.0
2015-09-16,-1.5481502,-1.5568136801801,156.1,25.7
2015-10-16,-0.34650317,-0.2774317865057046,107.0,24.800001
2015-11-16,0.8892693,0.7932520282476506,76.5,24.2
2015-12-16,0.51422065,0.44569993175759115,16.0,21.5
2016-01-16,1.7776595,1.7969367930625006,53.7,20.1
2016-02-15,-0.031308584,0.010804027210482797,4.9,21.300001
2016-03-16,-0.80814373,-0.8073317604796376,6.2000003,25.800001
2016-04-16,-1.0688432,-1.055471096499552,39.7,29.2
2016-05-16,-0.13605826,-0.029074453961587806,178.5,28.5
2016-06-16,0.27332947,0.29144486512679063,171.90001,26.300001
2016-07-16,0.5824902,0.6039238755485228,239.6,25.9
2016-08-16,0.86977696,0.8546940539467219,328.6,25.9
2016-09-16,0.8569872,0.7656255428938366,291.1,25.5
2016-10-16,0.24872394,0.2591320640262457,133.0,25.0
2016-11-16,2.0715203,1.9078898959154025,148.8,24.0
2016-12-16,-0.5249881,-0.5760188538375042,2.8,20.800001
2017-01-16,1.7228588,1.689031031526948,44.2,20.9
2017-02-15,-0.38182005,-0.45348852842994103,1.9,21.7
2017-03-16,-0.22525625,-0.2299508861589903,14.8,25.2
2017-04-16,1.0043689,0.9102536496401641,103.1,26.9
2017-05-16,1.8111949,1.8838406168891457,309.1,26.4
2017-06-16,1.4650973,1.4493838448363694,234.7,26.1
2017-07-16,0.95468706,0.9771616064058003,258.80002,25.300001
2017-08-16,-0.12215336,0.063771389455603,271.6,25.9
2017-09-16,-1.0504218,-1.024429490192626,187.8,26.0
2017-10-16,1.3932006,1.292213668913352,184.90001,24.7
2017-11-16,-0.6527184,-0.634836765873257,17.4,23.2
2017-12-16,1.8627001,1.8437395198555209,51.2,19.9
2018-01-16,0.32540143,0.15788335451343583,5.8,20.6
2018-02-15,0.9182977,0.8610179387583161,9.6,21.300001
2018-03-16,0.6057811,0.5213830271623873,21.6,24.7
2018-04-16,0.6572005,0.6475219879585536,83.8,26.1
2018-05-16,1.7613565,1.7753265454511806,304.0,26.300001
2018-06-16,0.5414218,0.5520991425295106,175.3,25.9
2018-07-16,-0.3442949,-0.3351356703464698,188.90001,25.4
2018-08-16,-0.5019237,-0.5228836396985654,248.90001,25.2
2018-09-16,-1.9968171,-1.902493149742907,126.8,25.6
2018-10-16,0.59342957,0.526392001826482,151.90001,25.2
2018-11-16,-0.46924657,-0.45909593285801625,31.5,23.6
2018-12-16,1.4578685,1.364847506594638,38.0,21.7
2019-01-16,1.6204429,1.5995575199719665,44.8,21.0
2019-02-15,-1.1123766,-0.8299749935987224,2.7,22.800001
2019-03-16,-1.3310081,-1.1406594387041742,2.6000001,25.4
2019-04-16,-1.6406106,-1.6619961007999804,16.9,28.2
2019-05-16,-1.165746,-1.0929911777150865,112.0,28.0
2019-06-16,-2.1884565,-1.4990750029208055,66.200005,26.800001
2019-07-16,-1.918349,-0.9605255213782891,130.2,26.300001
2019-08-16,-0.11438187,-0.040588317999215126,268.9,25.4
2019-09-16,-1.9443685,-1.8596404341560295,133.90001,25.5
2019-10-16,-0.61825806,-0.5845336167595436,104.4,25.5
2019-11-16,-0.42060322,-0.18553868441162305,32.8,23.300001
2019-12-16,-1.0486306,-0.9884394676563039,4.1,19.9
2020-01-16,-2.12581,-1.2084558413662068,0.0,21.7
2020-02-15,-1.5086212,-1.3866465228444949,0.1,22.5
2020-03-16,-1.1207216,-1.075254966452313,8.3,25.9
2020-04-16,0.6686623,0.0952497713434499,96.700005,27.7
2020-05-16,-1.898206,-1.6313158861082795,60.9,28.300001
2020-06-16,-0.93263674,-0.594993361588127,125.6,26.9
2020-07-16,-1.7806886,-1.5545548761179362,142.0,26.7
2020-08-16,1.5005015,1.3139891533225831,364.0,25.9
2020-09-16,-0.45604488,-0.5050990072401156,221.6,26.1
2020-10-16,-0.84349227,-0.905433358440999,72.6,23.800001
2020-11-16,-1.3716867,-1.2242105738317637,5.9,23.300001
2020-12-16,-1.1660024,-1.1052043064208832,0.0,20.300001
2021-01-16,1.2573627,1.3120530720579886,29.6,19.4
2021-02-15,0.56561846,0.5076751016507467,11.1,21.7
2021-03-16,-0.3006289,-0.246491834898937,10.5,25.5
2021-04-16,1.778919,1.3968612844538086,141.3,26.0
2021-05-16,-1.2359505,-1.2437436075114074,101.200005,27.5
2021-06-16,0.062788375,0.014418874283640205,162.40001,26.800001
2021-07-16,-0.14591521,-0.18912598381163,203.8,26.0
2021-08-16,-1.6220231,-1.099761712922683,197.7,26.300001
2021-09-16,-0.14091098,-0.14761177146143825,238.6,25.2
2021-10-16,1.1041127,1.0953329169455874,168.40001,24.6
2021-11-16,-0.019333031,0.18208546693105934,37.9,23.5
2021-12-16,-1.1422197,-1.1618779728961166,0.2,19.9
2022-01-16,1.1869161,1.3304728015183058,30.4,20.800001
2022-02-15,2.4114916,2.008933901310079,51.9,21.5
2022-03-16,1.4289073,1.049632081108533,47.7,25.300001
2022-04-16,1.9795023,1.519165048066298,160.40001,26.4
2022-05-16,1.7534409,1.6937535673501278,290.80002,25.7
2022-06-16,-0.94178635,-0.8193197753416827,125.200005,26.5
2022-07-16,-0.094638325,-0.18072597103185112,209.2,25.9
2022-08-16,0.9508954,1.2977257640750035,333.5,25.5
2022-09-16,1.4378263,1.453587332697452,329.1,24.9
2022-10-16,0.25320563,0.2829985179047109,130.1,24.1
2022-11-16,0.09313602,0.25576938872174937,44.4,23.4
2022-12-16,1.4273775,1.03507863719851,33.9,20.2
2023-01-16,-0.46813115,-0.47429818672066115,0.1,19.6
2023-02-15,0.14906564,-0.006914330865724957,3.5,21.800001
2023-03-16,0.52386844,0.5354485540637336,22.800001,24.7
2023-04-16,-1.268107,-1.4625072478070453,29.800001,28.4
2023-05-16,-1.1195121,-0.9674926372712355,118.1,28.2
2023-06-16,-0.5291822,-0.5563752222289493,146.1,27.1
2023-07-16,-1.4570912,-1.1697369416297463,158.3,26.9
2023-08-16,-1.659608,-1.276965147120257,189.1,26.4
2023-09-16,1.269379,1.032531690823288,317.4,25.6
2023-10-16,1.831393,1.1178930206240736,216.6,25.1
2023-11-16,-1.2792253,-1.161885638520762,8.1,23.6
2023-12-16,-0.90159994,-1.0470592658817781,2.3,21.800001
