time,pet,pet_predicted,pre,tmp
1901-01-16,105.4,,106.6,26.300001
1901-02-15,114.8,,25.300001,27.300001
1901-03-16,130.2000093,,37.7,27.4
1901-04-16,120.0,,77.3,28.7
1901-05-16,105.4,,172.40001,28.800001
1901-06-16,102.0,,109.4,28.7
1901-07-16,105.4,,129.7,28.5
1901-08-16,105.4,,116.5,28.4
1901-09-16,93.000003,,159.90001,27.6
1901-10-16,89.9,,277.9,27.4
1901-11-16,84.0,,455.9,26.6
1901-12-16,93.0,,211.6,26.1
1902-01-16,105.4,104.535255,106.6,25.4
1902-02-15,98.0,99.16321,25.300001,25.1
1902-03-16,133.3,131.83081,37.7,27.9
1902-04-16,123.0,120.56269,77.3,29.1
1902-05-16,105.4,105.3098,172.40001,28.9
1902-06-16,102.0,101.81646,109.4,29.2
1902-07-16,105.4,105.28178,129.7,28.800001
1902-08-16,105.4,105.228966,116.5,28.4
1902-09-16,96.0,95.56531,159.90001,27.800001
1902-10-16,93.0,93.03076,277.9,27.7
1902-11-16,78.000003,80.37576,455.9,26.6
1902-12-16,99.2,98.23915,211.6,26.9
1903-01-16,105.4,105.073364,106.6,26.2
1903-02-15,112.0,111.54769,25.300001,26.5
1903-03-16,136.4,134.70776,37.7,28.300001
1903-04-16,126.000009,123.39469,77.3,29.7
1903-05-16,105.4,105.249664,172.40001,29.6
1903-06-16,99.0,100.45864,109.4,28.2
1903-07-16,105.4,104.77575,129.7,28.300001
1903-08-16,102.3,103.64151,116.5,28.0
1903-09-16,90.0,92.124886,159.90001,27.6
1903-10-16,86.8,88.758804,277.9,27.1
1903-11-16,78.000003,79.44114,455.9,25.5
1903-12-16,65.1000031,73.01914,211.6,23.9
1904-01-16,102.3,102.62762,106.6,24.300001
1904-02-15,113.1,111.90012,25.300001,25.4
1904-03-16,130.2000093,129.30008,37.7,27.4
1904-04-16,117.0,117.00775,77.3,27.9
1904-05-16,105.4,104.56791,172.40001,28.7
1904-06-16,99.0,99.12325,109.4,28.5
1904-07-16,105.4,105.17136,129.7,28.300001
1904-08-16,105.4,104.488014,116.5,28.6
1904-09-16,96.0,95.88257,159.90001,28.1
1904-10-16,93.0,92.26514,277.9,27.7
1904-11-16,81.0,81.30384,455.9,25.800001
1904-12-16,89.9,90.19744,211.6,25.300001
1905-01-16,102.3,103.09481,106.6,26.2
1905-02-15,112.0,111.67173,25.300001,27.5
1905-03-16,133.3,132.45508,37.7,28.2
1905-04-16,120.0,120.0909,77.3,29.5
1905-05-16,105.4,105.19777,172.40001,28.7
1905-06-16,99.0,99.66105,109.4,28.5
1905-07-16,105.4,105.468575,129.7,28.7
1905-08-16,105.4,104.932755,116.5,28.9
1905-09-16,96.0,96.14521,159.90001,28.4
1905-10-16,93.0,92.86301,277.9,27.800001
1905-11-16,84.0,83.85572,455.9,27.0
1905-12-16,96.1000031,95.70403,211.6,28.1
1906-01-16,105.4,104.79545,106.6,27.300001
1906-02-15,112.0,112.06395,25.300001,27.7
1906-03-16,130.2000093,130.10297,37.7,27.9
1906-04-16,123.0,121.860016,77.3,30.1
1906-05-16,111.6000031,109.59717,172.40001,30.2
1906-06-16,102.0,101.41259,109.4,29.0
1906-07-16,105.4,105.06308,129.7,28.800001
1906-08-16,105.4,104.82262,116.5,28.7
1906-09-16,96.0,96.13684,159.90001,28.6
1906-10-16,89.9,90.407524,277.9,27.300001
1906-11-16,81.0,81.80989,455.9,25.9
1906-12-16,93.0,92.91385,211.6,26.300001
1907-01-16,105.4,104.829605,202.0,25.800001
1907-02-15,112.0,110.43279,19.6,26.7
1907-03-16,130.2000093,129.0502,44.8,27.0
1907-04-16,120.0,119.392265,75.5,28.800001
1907-05-16,102.3,102.907906,170.90001,28.2
1907-06-16,102.0,101.269936,124.700005,28.5
1907-07-16,105.4,104.78552,131.40001,28.2
1907-08-16,105.4,104.76298,115.200005,28.0
1907-09-16,96.0,95.90791,144.90001,28.2
1907-10-16,89.9,90.25481,301.0,27.2
1907-11-16,81.0,82.051575,497.0,26.4
1907-12-16,89.9,90.602745,260.5,24.6
1908-01-16,102.3,102.82562,103.700005,25.6
1908-02-15,113.1,112.365,32.7,26.1
1908-03-16,133.3,132.20178,32.0,27.5
1908-04-16,120.0,119.665276,82.3,29.0
1908-05-16,102.3,103.082504,216.3,28.5
1908-06-16,99.0,100.160355,114.8,28.4
1908-07-16,105.4,104.92072,133.5,28.2
1908-08-16,102.3,104.32648,147.90001,27.9
1908-09-16,96.0,95.86061,194.5,27.9
1908-10-16,89.9,90.21409,276.80002,27.4
1908-11-16,81.0,81.336914,412.5,25.4
1908-12-16,93.0,92.684494,263.2,25.800001
1909-01-16,102.3,102.559654,214.5,25.800001
1909-02-15,112.0,111.29391,35.100002,26.7
1909-03-16,133.3,132.47998,37.5,27.6
1909-04-16,120.0,119.684906,73.1,28.6
1909-05-16,102.3,103.01929,163.7,28.4
1909-06-16,99.0,99.47249,119.6,28.5
1909-07-16,105.4,104.815216,128.7,28.0
1909-08-16,102.3,103.24038,132.2,28.2
1909-09-16,96.0,95.47397,161.40001,28.0
1909-10-16,89.9,90.14244,281.5,27.5
1909-11-16,81.0,81.44697,427.1,25.5
1909-12-16,89.9,90.54705,173.2,25.1
1910-01-16,102.3,102.06279,113.6,26.1
1910-02-15,109.2,109.500595,30.2,25.9
1910-03-16,130.2000093,129.89026,37.7,26.7
1910-04-16,117.0,117.27516,83.3,28.300001
1910-05-16,105.4,104.65519,175.0,28.7
1910-06-16,102.0,100.72527,123.1,28.4
1910-07-16,105.4,105.04345,132.90001,28.6
1910-08-16,105.4,104.07016,115.700005,28.4
1910-09-16,93.000003,94.02204,167.5,27.4
1910-10-16,89.9,90.39516,253.6,27.1
1910-11-16,81.0,81.44243,477.9,26.2
1910-12-16,89.9,90.12961,245.5,24.800001
1911-01-16,102.3,102.24366,139.40001,25.300001
1911-02-15,109.2,109.28042,10.0,26.1
1911-03-16,130.2000093,129.84666,48.8,27.4
1911-04-16,120.0,119.72247,74.6,28.7
1911-05-16,105.4,104.3571,183.90001,28.800001
1911-06-16,102.0,101.53244,119.700005,28.6
1911-07-16,105.4,105.03841,70.1,28.4
1911-08-16,105.4,105.080536,85.1,28.6
1911-09-16,96.0,95.669014,150.1,28.2
1911-10-16,89.9,90.26759,344.2,27.4
1911-11-16,84.0,83.35577,388.2,27.6
1911-12-16,93.0,92.73577,292.7,26.9
1912-01-16,102.3,103.40077,120.200005,25.9
1912-02-15,116.0,114.16653,19.300001,26.800001
1912-03-16,133.3,132.50832,52.100002,28.2
1912-04-16,123.0,121.91533,41.2,29.2
1912-05-16,108.5,107.53253,164.3,29.6
1912-06-16,99.0,100.01969,163.5,28.9
1912-07-16,105.4,104.882706,184.3,28.1
1912-08-16,105.4,104.96454,152.0,27.9
1912-09-16,96.0,95.811356,171.40001,27.800001
1912-10-16,89.9,90.276924,256.1,27.1
1912-11-16,81.0,81.36796,421.1,25.5
1912-12-16,93.0,92.552666,144.40001,25.800001
1913-01-16,105.4,104.2603,225.90001,25.5
1913-02-15,112.0,111.69949,15.3,26.800001
1913-03-16,133.3,132.84862,7.2000003,27.800001
1913-04-16,120.0,119.55054,54.7,29.2
1913-05-16,105.4,104.98545,220.90001,28.5
1913-06-16,99.0,99.50501,155.2,28.2
1913-07-16,105.4,104.56318,127.200005,27.800001
1913-08-16,105.4,104.64595,146.3,28.1
1913-09-16,96.0,95.55096,148.3,27.800001
1913-10-16,89.9,90.19608,382.30002,27.2
1913-11-16,81.0,81.325836,410.5,25.9
1913-12-16,93.0,92.953125,294.0,25.800001
1914-01-16,102.3,103.24718,109.9,25.1
1914-02-15,112.0,111.685165,8.7,26.7
1914-03-16,133.3,132.5161,44.5,27.7
1914-04-16,120.0,119.60556,85.0,29.1
1914-05-16,105.4,105.30559,145.6,29.6
1914-06-16,99.0,99.77524,168.90001,28.4
1914-07-16,105.4,104.75789,126.9,28.0
1914-08-16,105.4,105.08298,130.8,27.9
1914-09-16,96.0,95.72354,164.3,28.0
1914-10-16,93.0,92.31806,240.1,27.300001
1914-11-16,84.0,83.24822,386.9,26.800001
1914-12-16,93.0,92.57763,365.9,26.5
1915-01-16,105.4,104.43646,37.2,25.9
1915-02-15,114.8,113.67684,0.1,27.4
1915-03-16,133.3,132.1234,38.2,28.0
1915-04-16,120.0,119.938,122.200005,29.0
1915-05-16,105.4,104.34895,157.8,28.800001
1915-06-16,102.0,101.28921,117.8,28.5
1915-07-16,105.4,105.1181,106.6,28.4
1915-08-16,105.4,105.08074,113.200005,28.300001
1915-09-16,96.0,95.94207,165.5,27.9
1915-10-16,89.9,90.306564,447.1,27.0
1915-11-16,81.0,81.49568,696.8,25.7
1915-12-16,89.9,90.814186,132.1,24.300001
1916-01-16,99.2,100.39145,165.8,24.4
1916-02-15,113.1,112.403366,52.9,26.1
1916-03-16,133.3,131.87741,99.5,27.9
1916-04-16,123.0,121.01946,93.8,29.1
1916-05-16,105.4,104.79144,161.90001,28.7
1916-06-16,102.0,101.83045,119.5,28.2
1916-07-16,105.4,104.857796,136.5,28.2
1916-08-16,105.4,104.82603,160.3,28.0
1916-09-16,96.0,95.8337,145.7,27.7
1916-10-16,89.9,90.376686,367.4,26.9
1916-11-16,81.0,81.30015,400.4,25.2
1916-12-16,89.9,91.26119,230.3,24.800001
1917-01-16,102.3,101.83414,106.4,25.2
1917-02-15,109.2,108.960464,7.2000003,26.2
1917-03-16,130.2000093,128.39758,6.2000003,26.9
1917-04-16,120.0,119.14929,28.6,29.1
1917-05-16,102.3,103.01724,154.3,28.7
1917-06-16,102.0,100.82868,107.700005,28.1
1917-07-16,105.4,105.02649,144.5,28.0
1917-08-16,105.4,105.02726,137.40001,27.7
1917-09-16,96.0,95.43971,199.7,27.5
1917-10-16,89.9,90.17984,179.1,26.6
1917-11-16,81.0,81.66526,398.0,25.6
1917-12-16,89.9,90.511185,385.7,25.0
1918-01-16,102.3,102.2194,45.600002,25.5
1918-02-15,106.4,106.71329,18.800001,24.9
1918-03-16,130.2000093,128.84251,20.5,27.1
1918-04-16,120.0,119.39696,131.5,28.2
1918-05-16,102.3,102.58618,128.90001,28.1
1918-06-16,99.0,100.026405,144.5,28.300001
1918-07-16,105.4,104.961815,48.2,28.6
1918-08-16,105.4,105.13781,110.3,28.1
1918-09-16,96.0,95.835846,108.8,28.2
1918-10-16,89.9,90.224525,241.1,27.300001
1918-11-16,84.0,83.78085,535.7,26.9
1918-12-16,93.0,92.72581,291.9,26.6
1919-01-16,105.4,104.5121,98.6,26.4
1919-02-15,112.0,112.15585,35.600002,26.9
1919-03-16,133.3,132.40015,7.6,28.2
1919-04-16,120.0,120.24318,92.5,29.0
1919-05-16,105.4,104.77302,313.30002,29.0
1919-06-16,102.0,101.32948,91.5,28.2
1919-07-16,105.4,105.276566,138.5,28.2
1919-08-16,105.4,105.11776,53.3,28.300001
1919-09-16,96.0,96.08677,177.5,28.0
1919-10-16,93.0,92.15546,279.6,27.300001
1919-11-16,81.0,81.29922,367.4,26.0
1919-12-16,93.0,92.83446,232.3,26.1
1920-01-16,102.3,103.31923,336.30002,24.800001
1920-02-15,113.1,112.4305,21.0,26.2
1920-03-16,133.3,132.36835,98.3,27.9
1920-04-16,120.0,119.75807,64.8,28.800001
1920-05-16,105.4,105.3497,82.0,29.0
1920-06-16,102.0,102.125786,69.3,28.5
1920-07-16,105.4,105.12115,89.0,28.2
1920-08-16,105.4,104.80489,92.0,28.300001
1920-09-16,96.0,95.91514,170.5,27.9
1920-10-16,89.9,90.45218,284.2,26.800001
1920-11-16,81.0,81.41589,454.9,26.6
1920-12-16,89.9,90.69487,277.0,25.800001
1921-01-16,105.4,104.020195,174.7,25.4
1921-02-15,109.2,109.70293,59.4,25.800001
1921-03-16,133.3,132.2856,100.9,27.6
1921-04-16,120.0,119.774086,28.300001,28.7
1921-05-16,105.4,104.7346,230.6,28.300001
1921-06-16,102.0,101.60905,89.6,28.4
1921-07-16,105.4,105.017006,142.3,27.6
1921-08-16,105.4,104.698044,156.6,28.0
1921-09-16,96.0,95.84961,158.5,27.4
1921-10-16,89.9,90.20429,256.5,26.9
1921-11-16,81.0,81.27904,183.1,25.300001
1921-12-16,93.0,92.46395,139.1,25.7
1922-01-16,105.4,103.91114,298.9,25.9
1922-02-15,109.2,109.42033,15.5,26.5
1922-03-16,130.2000093,130.07748,58.4,26.800001
1922-04-16,117.0,117.76651,134.0,28.300001
1922-05-16,102.3,103.457596,200.40001,28.800001
1922-06-16,102.0,101.541275,113.3,28.4
1922-07-16,105.4,104.65329,87.1,27.6
1922-08-16,102.3,103.76189,106.6,27.800001
1922-09-16,96.0,95.80235,160.8,27.9
1922-10-16,89.9,90.12232,253.40001,27.0
1922-11-16,81.0,81.54278,740.2,25.5
1922-12-16,89.9,90.57595,196.3,25.1
1923-01-16,102.3,102.447495,97.4,25.2
1923-02-15,109.2,109.55506,8.400001,25.300001
1923-03-16,130.2000093,130.33087,86.0,27.2
1923-04-16,120.0,119.50044,107.6,28.1
1923-05-16,105.4,104.6607,165.0,28.1
1923-06-16,102.0,101.61783,74.4,28.2
1923-07-16,102.3,104.4198,50.9,27.300001
1923-08-16,105.4,104.803566,67.4,27.6
1923-09-16,93.000003,94.17158,217.0,27.4
1923-10-16,89.9,90.229965,184.7,26.9
1923-11-16,81.0,81.64761,231.6,26.300001
1923-12-16,93.0,92.76243,183.90001,26.300001
1924-01-16,105.4,104.371925,170.8,26.0
1924-02-15,113.1,112.20385,56.100002,26.2
1924-03-16,133.3,132.5194,69.9,27.7
1924-04-16,120.0,119.062355,147.8,28.4
1924-05-16,105.4,104.32389,159.1,28.7
1924-06-16,102.0,101.44436,90.5,28.300001
1924-07-16,105.4,104.00538,105.4,27.5
1924-08-16,105.4,104.67433,112.8,28.1
1924-09-16,96.0,94.98327,154.40001,27.6
1924-10-16,89.9,90.2404,314.80002,26.4
1924-11-16,81.0,81.296486,434.80002,26.6
1924-12-16,89.9,90.51026,34.5,24.4
1925-01-16,102.3,102.83018,67.6,25.5
1925-02-15,109.2,109.52498,14.1,25.5
1925-03-16,130.2000093,129.71411,32.0,27.5
1925-04-16,117.0,116.93865,173.0,27.800001
1925-05-16,105.4,104.43475,142.5,28.7
1925-06-16,102.0,101.89175,120.4,28.300001
1925-07-16,105.4,104.89768,82.1,28.1
1925-08-16,105.4,105.32948,147.3,28.0
1925-09-16,96.0,95.83206,122.700005,28.0
1925-10-16,89.9,90.22238,309.5,26.800001
1925-11-16,81.0,81.60458,522.0,26.2
1925-12-16,89.9,90.76134,275.9,24.9
1926-01-16,102.3,103.55027,145.40001,25.7
1926-02-15,109.2,109.73668,28.0,26.5
1926-03-16,133.3,132.53609,80.3,27.5
1926-04-16,123.0,121.527855,37.3,29.300001
1926-05-16,108.5,107.22101,138.2,29.7
1926-06-16,102.0,101.69928,92.3,28.800001
1926-07-16,105.4,105.202484,86.4,28.300001
1926-08-16,105.4,105.3331,140.0,27.9
1926-09-16,96.0,96.283806,173.1,27.800001
1926-10-16,89.9,90.84827,197.90001,26.800001
1926-11-16,81.0,81.33619,425.5,26.1
1926-12-16,93.0,92.71467,534.60004,25.9
1927-01-16,102.3,102.723656,87.3,25.5
1927-02-15,109.2,109.905365,80.200005,26.4
1927-03-16,133.3,131.84982,66.8,27.800001
1927-04-16,120.0,119.66454,197.90001,28.1
1927-05-16,102.3,103.08566,167.2,28.0
1927-06-16,102.0,101.73922,115.4,28.2
1927-07-16,105.4,104.69538,119.3,27.9
1927-08-16,105.4,104.57101,130.90001,27.9
1927-09-16,96.0,96.24618,140.5,27.9
1927-10-16,89.9,90.23206,263.4,26.800001
1927-11-16,81.0,82.033554,332.5,26.2
1927-12-16,93.0,92.7609,125.0,25.800001
1928-01-16,105.4,103.80705,94.1,26.6
1928-02-15,113.1,112.400604,77.0,26.2
1928-03-16,130.2000093,130.28482,19.7,27.4
1928-04-16,120.0,119.67322,93.5,28.0
1928-05-16,105.4,104.46432,137.5,28.5
1928-06-16,102.0,101.447784,60.600002,28.1
1928-07-16,105.4,104.69071,125.9,28.0
1928-08-16,105.4,104.86215,67.0,28.0
1928-09-16,96.0,96.03558,124.200005,27.7
1928-10-16,89.9,90.28937,310.0,26.6
1928-11-16,81.0,81.88352,242.40001,26.0
1928-12-16,93.0,92.38332,301.6,26.2
1929-01-16,105.4,104.158806,62.0,26.0
1929-02-15,109.2,109.55861,44.2,25.9
1929-03-16,130.2000093,129.89299,57.4,26.7
1929-04-16,120.0,119.65753,77.6,28.2
1929-05-16,105.4,104.932465,194.5,28.6
1929-06-16,99.0,100.49425,83.6,27.9
1929-07-16,105.4,104.8568,86.9,27.800001
1929-08-16,105.4,104.89114,69.4,27.9
1929-09-16,96.0,96.03897,179.6,27.9
1929-10-16,89.9,90.06965,193.40001,26.7
1929-11-16,81.0,81.1385,417.2,26.0
1929-12-16,93.0,92.399734,85.4,26.5
1930-01-16,102.3,103.36592,123.200005,25.9
1930-02-15,109.2,109.58691,4.9,26.0
1930-03-16,130.2000093,129.91528,1.3000001,26.800001
1930-04-16,120.0,119.804535,53.5,28.0
1930-05-16,105.4,105.22997,176.0,28.800001
1930-06-16,102.0,101.02558,104.6,28.300001
1930-07-16,105.4,104.632706,112.5,27.9
1930-08-16,105.4,105.09223,100.4,28.1
1930-09-16,96.0,95.553955,139.7,28.1
1930-10-16,93.0,91.918945,278.7,27.300001
1930-11-16,81.0,81.7043,526.8,26.2
1930-12-16,93.0,93.10855,214.40001,26.0
1931-01-16,105.4,104.10756,40.8,26.2
1931-02-15,112.0,111.86385,36.3,25.800001
1931-03-16,133.3,132.36655,47.3,28.2
1931-04-16,123.0,122.02468,65.0,29.2
1931-05-16,105.4,105.45495,118.9,29.2
1931-06-16,102.0,101.77687,139.0,28.7
1931-07-16,105.4,104.832,100.5,28.300001
1931-08-16,105.4,105.01293,98.1,28.2
1931-09-16,96.0,95.805626,170.7,27.800001
1931-10-16,89.9,90.55013,347.7,26.6
1931-11-16,81.0,81.1353,275.7,25.7
1931-12-16,89.9,91.459145,369.7,25.5
1932-01-16,102.3,102.87944,219.90001,24.9
1932-02-15,113.1,112.12447,5.9,26.4
1932-03-16,133.3,132.72713,25.9,27.4
1932-04-16,120.0,119.75323,128.3,28.7
1932-05-16,105.4,105.378044,150.40001,29.300001
1932-06-16,99.0,100.78802,125.3,28.7
1932-07-16,105.4,105.169426,151.3,28.2
1932-08-16,105.4,104.89818,108.4,28.7
1932-09-16,96.0,96.13588,136.2,27.9
1932-10-16,89.9,90.29674,333.9,27.2
1932-11-16,81.0,81.3197,501.4,26.5
1932-12-16,89.9,90.41696,248.3,25.2
1933-01-16,102.3,102.91586,116.5,26.1
1933-02-15,112.0,111.8593,55.2,26.7
1933-03-16,133.3,132.63509,47.5,27.6
1933-04-16,120.0,119.609245,130.90001,28.800001
1933-05-16,105.4,105.08637,87.4,29.300001
1933-06-16,99.0,99.01627,66.3,28.6
1933-07-16,105.4,104.58298,124.8,28.2
1933-08-16,105.4,104.78208,125.9,28.800001
1933-09-16,99.0,97.63601,147.7,28.1
1933-10-16,89.9,90.27007,278.30002,27.300001
1933-11-16,81.0,81.313675,414.0,25.6
1933-12-16,93.0,92.65986,173.1,25.6
1934-01-16,102.3,102.12309,101.5,25.4
1934-02-15,109.2,109.2719,34.8,25.6
1934-03-16,130.2000093,130.05185,58.0,27.4
1934-04-16,120.0,118.9422,107.3,28.6
1934-05-16,105.4,104.80657,162.40001,29.4
1934-06-16,99.0,99.37733,121.0,28.800001
1934-07-16,105.4,105.113365,143.40001,28.4
1934-08-16,105.4,104.70925,124.9,28.1
1934-09-16,96.0,96.07414,120.3,28.2
1934-10-16,89.9,90.275505,276.2,27.2
1934-11-16,81.0,81.73859,643.2,26.4
1934-12-16,89.9,90.60532,123.0,24.7
1935-01-16,102.3,102.90695,392.4,26.1
1935-02-15,112.0,112.096504,29.7,26.7
1935-03-16,133.3,132.86862,64.3,28.1
1935-04-16,120.0,119.78781,98.4,28.9
1935-05-16,102.3,103.40258,152.90001,28.7
1935-06-16,99.0,99.14426,111.5,28.5
1935-07-16,105.4,104.76772,112.0,28.2
1935-08-16,105.4,104.51016,155.1,28.4
1935-09-16,99.0,97.46585,146.2,28.0
1935-10-16,89.9,90.20139,278.2,27.7
1935-11-16,81.0,81.493774,324.2,26.6
1935-12-16,93.0,92.93877,393.9,26.300001
1936-01-16,102.3,102.68728,54.9,25.4
1936-02-15,113.1,112.69891,7.9,26.2
1936-03-16,130.2000093,130.0631,14.6,27.4
1936-04-16,120.0,119.57474,56.2,28.9
1936-05-16,105.4,105.03984,104.1,29.300001
1936-06-16,99.0,99.37784,64.1,28.4
1936-07-16,105.4,104.95144,122.9,28.2
1936-08-16,105.4,105.03605,122.3,28.1
1936-09-16,96.0,96.08137,168.0,28.1
1936-10-16,89.9,90.29153,306.2,26.9
1936-11-16,84.0,83.42267,672.2,26.2
1936-12-16,96.1000031,94.728455,266.1,27.0
1937-01-16,105.4,104.02016,113.9,26.2
1937-02-15,112.0,111.99061,95.9,26.9
1937-03-16,136.4,135.08151,118.9,28.2
1937-04-16,123.0,121.322624,173.6,29.0
1937-05-16,102.3,103.53387,221.6,28.1
1937-06-16,99.0,99.51338,96.9,28.2
1937-07-16,102.3,104.06245,98.5,27.7
1937-08-16,105.4,104.68525,99.5,28.0
1937-09-16,93.000003,93.94524,154.8,27.6
1937-10-16,86.8,89.369576,203.5,26.7
1937-11-16,81.0,81.83873,486.7,26.4
1937-12-16,93.0,93.14399,207.3,25.7
1938-01-16,102.3,103.47878,155.90001,25.9
1938-02-15,112.0,111.2835,43.0,26.4
1938-03-16,133.3,132.50027,95.9,27.1
1938-04-16,120.0,119.74618,103.4,28.2
1938-05-16,102.3,102.92792,155.6,28.0
1938-06-16,96.0,97.74626,144.90001,27.6
1938-07-16,105.4,104.0095,103.5,27.4
1938-08-16,102.3,103.32555,147.40001,28.0
1938-09-16,93.000003,93.58394,145.8,27.5
1938-10-16,89.9,89.89672,362.0,26.9
1938-11-16,81.0,81.25133,508.4,25.5
1938-12-16,93.0,92.72817,249.90001,25.9
1939-01-16,99.2,101.12476,156.90001,25.4
1939-02-15,112.0,111.28611,29.1,26.0
1939-03-16,130.2000093,130.26889,32.5,26.800001
1939-04-16,117.0,116.94766,167.5,28.2
1939-05-16,102.3,102.89062,188.40001,28.2
1939-06-16,99.0,99.01585,111.0,27.800001
1939-07-16,102.3,103.419044,56.5,27.800001
1939-08-16,102.3,103.01848,105.0,27.800001
1939-09-16,90.0,91.87088,104.4,27.5
1939-10-16,89.9,90.45128,297.0,26.9
1939-11-16,81.0,81.55374,403.7,26.6
1939-12-16,83.7,86.04899,307.1,23.0
1940-01-16,102.3,101.933365,21.4,23.7
1940-02-15,116.0,115.3146,13.0,26.2
1940-03-16,136.4,134.73688,3.0,27.4
1940-04-16,123.0,121.85246,16.9,29.300001
1940-05-16,105.4,105.50903,158.5,28.800001
1940-06-16,99.0,99.48682,129.1,28.4
1940-07-16,102.3,103.26943,65.8,27.9
1940-08-16,102.3,103.39133,102.4,27.7
1940-09-16,96.0,96.23026,129.0,27.9
1940-10-16,93.0,92.53037,209.2,27.5
1940-11-16,81.0,81.55887,310.1,26.6
1940-12-16,93.0,92.7905,361.9,26.4
1941-01-16,111.6000031,109.69056,80.0,27.9
1941-02-15,114.8,114.623436,50.5,27.2
1941-03-16,139.5,137.2011,51.2,28.2
1941-04-16,123.0,122.781876,101.9,29.4
1941-05-16,105.4,105.72136,228.40001,29.2
1941-06-16,99.0,99.72195,78.4,28.6
1941-07-16,102.3,103.284,85.6,28.300001
1941-08-16,102.3,102.84118,96.5,28.2
1941-09-16,96.0,95.946434,181.2,28.2
1941-10-16,89.9,91.30333,340.5,27.300001
1941-11-16,81.0,81.90135,557.8,26.800001
1941-12-16,93.0,93.172356,455.4,26.7
1942-01-16,108.5,107.47172,191.90001,25.7
1942-02-15,112.0,111.86097,9.0,26.9
1942-03-16,133.3,131.56862,40.8,27.6
1942-04-16,120.0,119.63401,157.1,28.300001
1942-05-16,102.3,102.81072,127.0,28.2
1942-06-16,99.0,99.49632,125.4,28.2
1942-07-16,102.3,103.05303,70.3,27.800001
1942-08-16,102.3,102.94601,118.200005,27.7
1942-09-16,93.000003,93.954765,169.40001,27.5
1942-10-16,89.9,89.982666,293.5,26.800001
1942-11-16,78.000003,79.975655,647.5,25.9
1942-12-16,89.9,90.29219,368.1,25.7
1943-01-16,102.3,102.31974,65.5,24.300001
1943-02-15,112.0,111.254616,87.9,25.6
1943-03-16,136.4,133.69673,111.200005,27.2
1943-04-16,117.0,117.084274,175.6,27.300001
1943-05-16,102.3,103.100296,194.7,28.300001
1943-06-16,102.0,100.90372,81.8,27.9
1943-07-16,105.4,103.890205,103.8,27.7
1943-08-16,105.4,104.8788,112.200005,27.800001
1943-09-16,99.0,98.114975,183.2,27.300001
1943-10-16,89.9,90.15757,322.1,26.800001
1943-11-16,81.0,82.25006,283.4,25.6
1943-12-16,89.9,90.79954,132.7,24.9
1944-01-16,105.4,104.25863,66.6,26.0
1944-02-15,116.0,114.21853,60.0,26.7
1944-03-16,136.4,134.22156,10.900001,27.4
1944-04-16,123.0,121.29187,149.0,28.9
1944-05-16,105.4,104.92386,159.3,28.5
1944-06-16,102.0,101.36811,150.90001,28.1
1944-07-16,102.3,103.59494,150.1,27.6
1944-08-16,102.3,103.15425,163.3,27.800001
1944-09-16,93.000003,93.811295,152.90001,27.9
1944-10-16,89.9,90.02577,215.2,27.2
1944-11-16,81.0,81.33162,374.7,26.0
1944-12-16,86.8,88.93735,328.0,24.6
1945-01-16,105.4,104.24933,143.90001,25.800001
1945-02-15,112.0,111.51329,58.2,26.9
1945-03-16,133.3,132.94005,68.4,26.800001
1945-04-16,120.0,119.50814,173.3,28.2
1945-05-16,105.4,104.79788,163.0,28.2
1945-06-16,99.0,99.808365,138.1,28.0
1945-07-16,105.4,104.171364,175.40001,28.2
1945-08-16,105.4,103.96678,126.200005,28.1
1945-09-16,99.0,98.18365,114.4,27.6
1945-10-16,89.9,90.23499,451.4,26.5
1945-11-16,84.0,83.230064,362.30002,26.9
1945-12-16,96.1000031,94.9189,350.2,26.300001
1946-01-16,105.4,104.43448,154.0,25.300001
1946-02-15,112.0,111.60611,20.6,26.5
1946-03-16,133.3,132.04533,64.6,28.2
1946-04-16,120.0,119.29419,200.90001,28.4
1946-05-16,102.3,103.748924,198.40001,28.1
1946-06-16,99.0,99.58358,108.5,28.4
1946-07-16,105.4,104.35284,137.5,28.0
1946-08-16,102.3,103.87438,105.200005,27.9
1946-09-16,96.0,95.81306,205.0,27.7
1946-10-16,93.0,91.82947,280.9,26.800001
1946-11-16,81.0,81.646866,383.4,26.4
1946-12-16,99.2,97.7531,379.80002,27.300001
1947-01-16,111.6000031,107.08451,83.9,27.800001
1947-02-15,114.8,114.03111,35.9,26.9
1947-03-16,139.5,137.20306,105.9,27.7
1947-04-16,117.0,116.9126,170.8,28.1
1947-05-16,108.5,106.54812,181.3,29.1
1947-06-16,102.0,101.10917,130.2,28.4
1947-07-16,105.4,104.818985,96.6,27.800001
1947-08-16,105.4,103.80902,106.5,28.0
1947-09-16,99.0,97.810715,82.0,28.1
1947-10-16,93.0,91.59065,343.7,27.4
1947-11-16,84.0,83.69456,383.5,26.0
1947-12-16,96.1000031,95.522064,319.5,26.0
1948-01-16,102.3,103.87703,28.300001,25.1
1948-02-15,116.0,114.320885,4.8,27.0
1948-03-16,136.4,133.30286,102.700005,27.6
1948-04-16,120.0,119.604225,133.3,28.1
1948-05-16,105.4,105.314064,136.2,28.300001
1948-06-16,102.0,101.83,103.700005,28.4
1948-07-16,105.4,104.41196,146.5,27.800001
1948-08-16,102.3,103.73663,162.8,28.0
1948-09-16,96.0,96.25516,116.9,27.7
1948-10-16,89.9,90.46855,208.0,26.9
1948-11-16,78.000003,80.3707,294.6,24.6
1948-12-16,93.0,93.45874,36.0,26.300001
1949-01-16,99.2,101.334724,124.3,24.7
1949-02-15,112.0,112.1108,75.5,26.1
1949-03-16,139.5,136.59181,25.0,27.9
1949-04-16,120.0,119.848,111.700005,28.300001
1949-05-16,105.4,104.756874,210.90001,28.7
1949-06-16,105.0,102.886536,139.1,28.7
1949-07-16,105.4,104.6534,170.7,28.0
1949-08-16,105.4,103.706856,124.3,28.0
1949-09-16,93.000003,93.72645,160.5,27.9
1949-10-16,89.9,90.15838,283.1,27.300001
1949-11-16,81.0,82.162155,385.30002,26.300001
1949-12-16,93.0,92.81844,142.5,26.6
1950-01-16,105.4,104.47438,178.40001,25.800001
1950-02-15,112.0,111.60187,61.0,26.4
1950-03-16,139.5,136.56569,42.0,27.9
1950-04-16,120.0,119.37128,146.7,28.4
1950-05-16,105.4,104.93255,222.6,28.5
1950-06-16,99.0,100.60985,104.1,28.0
1950-07-16,105.4,104.808205,139.3,27.800001
1950-08-16,105.4,104.78719,104.6,28.4
1950-09-16,90.0,91.55827,238.0,27.7
1950-10-16,89.9,89.777626,228.90001,27.0
1950-11-16,81.0,80.96727,403.6,26.5
1950-12-16,89.9,90.21948,198.5,24.7
1951-01-16,99.2,100.36277,136.5,25.0
1951-02-15,109.2,109.123024,28.9,25.6
1951-03-16,133.3,131.67708,51.7,27.0
1951-04-16,120.0,119.3942,88.0,28.5
1951-05-16,102.3,103.1528,243.7,28.1
1951-06-16,99.0,99.347015,92.6,28.0
1951-07-16,102.3,103.491615,218.40001,27.5
1951-08-16,102.3,103.206,113.0,27.800001
1951-09-16,96.0,95.4316,221.8,27.7
1951-10-16,89.9,90.06916,268.1,26.9
1951-11-16,81.0,81.848206,390.9,26.4
1951-12-16,89.9,90.388374,352.5,25.5
1952-01-16,102.3,101.84922,62.4,25.7
1952-02-15,116.0,114.58601,39.600002,27.0
1952-03-16,130.2000093,129.83754,63.5,27.2
1952-04-16,120.0,119.91933,103.4,28.300001
1952-05-16,105.4,105.24463,198.1,28.6
1952-06-16,99.0,99.44347,117.5,27.800001
1952-07-16,102.3,102.76633,100.1,27.7
1952-08-16,102.3,102.82385,155.1,27.300001
1952-09-16,99.0,98.149956,92.1,27.5
1952-10-16,89.9,90.016396,325.0,26.800001
1952-11-16,81.0,81.59961,463.9,25.800001
1952-12-16,89.9,90.12547,307.9,24.300001
1953-01-16,102.3,102.66239,473.80002,25.4
1953-02-15,106.4,106.81506,89.1,25.9
1953-03-16,130.2000093,129.47487,19.300001,26.9
1953-04-16,120.0,119.475815,89.200005,28.300001
1953-05-16,105.4,105.25486,209.3,28.1
1953-06-16,102.0,101.351234,106.3,28.0
1953-07-16,105.4,104.56757,178.5,27.6
1953-08-16,105.4,104.80042,99.5,27.9
1953-09-16,96.0,96.24787,141.90001,27.4
1953-10-16,93.0,92.205345,311.9,27.300001
1953-11-16,81.0,82.123184,561.3,26.1
1953-12-16,89.9,90.16801,171.0,25.4
1954-01-16,105.4,103.84916,148.1,26.6
1954-02-15,112.0,111.371544,23.1,26.2
1954-03-16,136.4,134.31613,53.5,27.2
1954-04-16,123.0,121.866776,86.700005,28.7
1954-05-16,102.3,103.262436,159.8,28.1
1954-06-16,102.0,101.58373,126.5,28.1
1954-07-16,105.4,104.61941,189.6,27.800001
1954-08-16,105.4,104.331154,131.1,27.7
1954-09-16,90.0,92.14149,176.5,27.0
1954-10-16,89.9,90.49972,277.0,26.6
1954-11-16,81.0,81.27445,186.5,25.2
1954-12-16,89.9,90.48061,262.80002,25.0
1955-01-16,96.1000031,99.20064,205.2,24.2
1955-02-15,112.0,111.56933,24.300001,25.9
1955-03-16,136.4,134.70723,4.7000003,27.0
1955-04-16,120.0,119.733406,81.1,27.9
1955-05-16,105.4,104.725174,151.0,28.300001
1955-06-16,96.0,97.48076,133.40001,27.5
1955-07-16,105.4,104.49919,98.0,27.800001
1955-08-16,105.4,104.385,134.90001,27.7
1955-09-16,102.0,100.58393,128.8,27.6
1955-10-16,89.9,90.409836,354.80002,26.6
1955-11-16,78.000003,79.55642,640.5,24.9
1955-12-16,89.9,89.9998,104.700005,24.300001
1956-01-16,102.3,102.06116,89.1,24.300001
1956-02-15,116.0,113.91594,14.0,26.300001
1956-03-16,133.3,131.83244,34.8,27.300001
1956-04-16,120.0,119.23956,195.8,28.0
1956-05-16,102.3,101.90632,233.6,27.800001
1956-06-16,99.0,99.326225,145.2,27.7
1956-07-16,102.3,103.61416,136.8,27.5
1956-08-16,102.3,103.18578,114.1,27.5
1956-09-16,90.0,91.359955,173.0,27.300001
1956-10-16,86.8,88.21167,356.9,26.4
1956-11-16,78.000003,79.55359,340.9,24.9
1956-12-16,89.9,90.39572,340.7,24.5
1957-01-16,105.4,103.981865,82.3,25.1
1957-02-15,112.0,111.855095,11.3,25.7
1957-03-16,133.3,132.69504,55.9,26.800001
1957-04-16,120.0,119.52576,54.8,28.4
1957-05-16,108.5,106.64907,177.2,29.2
1957-06-16,102.0,101.304436,61.600002,28.4
1957-07-16,105.4,104.84703,156.2,27.9
1957-08-16,105.4,104.55564,74.9,27.7
1957-09-16,93.000003,93.72514,150.5,27.4
1957-10-16,89.9,90.55607,236.90001,26.7
1957-11-16,84.0,83.82555,228.0,26.4
1957-12-16,93.0,92.9352,151.0,26.2
1958-01-16,105.4,104.96862,61.7,26.1
1958-02-15,109.2,109.80855,12.5,26.0
1958-03-16,136.4,134.79033,19.5,27.800001
1958-04-16,123.0,121.98807,22.4,29.1
1958-05-16,108.5,107.37965,136.5,29.7
1958-06-16,102.0,101.801605,99.9,28.5
1958-07-16,105.4,103.99546,97.5,27.9
1958-08-16,105.4,104.792015,149.40001,27.7
1958-09-16,93.000003,93.39718,125.9,27.5
1958-10-16,89.9,90.29675,377.0,26.7
1958-11-16,78.000003,79.649414,464.2,24.9
1958-12-16,89.9,90.512276,74.8,24.800001
1959-01-16,102.3,102.88826,66.8,25.300001
1959-02-15,114.8,113.91203,2.2,26.9
1959-03-16,130.2000093,130.09288,93.8,26.6
1959-04-16,120.0,119.657196,105.200005,28.5
1959-05-16,105.4,104.203476,98.9,28.6
1959-06-16,105.0,103.032036,123.0,28.800001
1959-07-16,102.3,104.01239,200.3,27.4
1959-08-16,102.3,103.187485,127.700005,27.7
1959-09-16,99.0,97.1801,131.5,27.5
1959-10-16,86.8,88.89282,376.0,26.5
1959-11-16,81.0,81.74097,383.1,26.300001
1959-12-16,93.0,92.7442,260.7,26.800001
1960-01-16,102.3,102.715096,84.700005,25.800001
1960-02-15,113.1,112.22952,74.5,26.0
1960-03-16,139.5,136.09038,17.800001,27.7
1960-04-16,123.0,121.11591,65.700005,29.1
1960-05-16,105.4,104.876175,170.5,28.7
1960-06-16,99.0,101.032486,101.1,28.1
1960-07-16,105.4,104.4208,176.0,28.0
1960-08-16,102.3,103.3601,121.5,28.0
1960-09-16,93.000003,94.26848,142.2,27.6
1960-10-16,89.9,89.96805,238.8,26.9
1960-11-16,81.0,81.4441,416.7,26.2
1960-12-16,89.9,90.497765,185.0,25.300001
1961-01-16,102.3,102.51434,116.6,25.0
1961-02-15,109.2,109.377975,59.4,26.4
1961-03-16,130.2000093,130.0913,54.3,27.2
1961-04-16,120.0,119.69235,152.90001,28.5
1961-05-16,102.3,103.35483,178.90001,28.1
1961-06-16,99.0,99.25895,84.8,27.9
1961-07-16,105.4,104.83316,93.1,27.7
1961-08-16,102.3,103.067474,68.9,27.800001
1961-09-16,93.000003,93.55484,167.6,27.2
1961-10-16,89.9,90.4884,204.5,26.5
1961-11-16,81.0,81.57161,547.8,26.1
1961-12-16,89.9,90.511,372.1,25.9
1962-01-16,96.1000031,98.08582,172.7,24.9
1962-02-15,106.4,105.83937,24.300001,25.2
1962-03-16,127.1,126.85424,64.8,26.800001
1962-04-16,120.0,119.4715,42.4,28.4
1962-05-16,105.4,104.52854,132.40001,28.6
1962-06-16,99.0,99.259834,79.9,28.0
1962-07-16,102.3,102.86596,152.7,27.6
1962-08-16,102.3,102.36306,151.8,27.4
1962-09-16,90.0,91.62309,137.5,27.300001
1962-10-16,89.9,90.602554,423.9,26.9
1962-11-16,81.0,81.61232,399.1,26.2
1962-12-16,89.9,90.372635,172.0,25.6
1963-01-16,96.1000031,97.039,115.1,23.4
1963-02-15,103.6,104.32157,4.5,25.2
1963-03-16,130.2000093,129.1297,5.7000003,26.6
1963-04-16,120.0,119.55904,25.5,28.0
1963-05-16,108.5,106.58844,71.3,29.1
1963-06-16,102.0,101.71469,117.5,28.1
1963-07-16,105.4,104.23777,131.90001,27.800001
1963-08-16,102.3,103.52871,118.5,27.6
1963-09-16,90.0,92.066154,205.5,27.7
1963-10-16,89.9,90.49832,426.2,26.800001
1963-11-16,81.0,81.62389,463.5,26.6
1963-12-16,89.9,90.60808,210.5,25.7
1964-01-16,102.3,102.06944,152.3,26.1
1964-02-15,113.1,111.791954,50.8,26.6
1964-03-16,133.3,132.50783,48.8,27.1
1964-04-16,120.0,119.90481,23.300001,28.5
1964-05-16,102.3,103.09654,263.80002,28.1
1964-06-16,102.0,100.93853,63.0,28.0
1964-07-16,105.4,104.66962,122.1,27.9
1964-08-16,102.3,102.96829,126.9,27.5
1964-09-16,93.000003,93.936516,153.3,27.7
1964-10-16,89.9,89.98845,160.90001,27.0
1964-11-16,78.000003,79.330605,575.9,25.2
1964-12-16,89.9,90.204735,247.2,25.0
1965-01-16,102.3,102.24657,67.8,24.300001
1965-02-15,109.2,109.37232,58.5,26.300001
1965-03-16,130.2000093,130.08609,47.3,26.800001
1965-04-16,120.0,119.5175,99.1,28.1
1965-05-16,105.4,104.75016,214.5,28.300001
1965-06-16,99.0,100.40251,94.5,28.0
1965-07-16,105.4,105.13519,128.2,27.7
1965-08-16,105.4,104.93855,154.40001,27.9
1965-09-16,93.000003,93.4941,136.3,27.4
1965-10-16,89.9,90.540634,297.5,27.0
1965-11-16,81.0,81.283165,430.6,26.4
1965-12-16,89.9,91.34363,345.2,26.4
1966-01-16,102.3,103.20991,148.1,26.300001
1966-02-15,109.2,109.263885,43.4,26.9
1966-03-16,133.3,132.51329,64.6,27.800001
1966-04-16,120.0,119.67427,41.8,28.9
1966-05-16,102.3,104.408936,171.7,28.300001
1966-06-16,102.0,100.88499,112.3,28.2
1966-07-16,102.3,103.61391,130.0,27.800001
1966-08-16,102.3,103.59967,105.0,27.7
1966-09-16,96.0,95.49197,269.9,27.6
1966-10-16,89.9,90.108475,369.7,27.0
1966-11-16,81.0,81.35965,607.4,26.2
1966-12-16,89.9,90.384834,415.4,26.4
1967-01-16,96.1000031,98.37135,401.6,24.800001
1967-02-15,106.4,106.665085,41.0,25.800001
1967-03-16,130.2000093,129.759,37.600002,26.9
1967-04-16,120.0,119.62661,58.8,28.2
1967-05-16,102.3,102.50583,229.5,28.4
1967-06-16,102.0,101.44921,91.200005,28.300001
1967-07-16,102.3,103.378654,121.1,27.800001
1967-08-16,99.2,102.0893,119.4,27.6
1967-09-16,99.0,97.859634,104.200005,27.800001
1967-10-16,89.9,90.52074,316.5,26.6
1967-11-16,81.0,81.67868,354.2,26.2
1967-12-16,89.9,90.41193,132.7,25.1
1968-01-16,102.3,101.70741,30.4,25.300001
1968-02-15,113.1,112.51615,13.900001,25.7
1968-03-16,127.1,126.79177,5.0,27.2
1968-04-16,117.0,116.103226,96.3,27.800001
1968-05-16,102.3,102.650375,180.40001,28.2
1968-06-16,99.0,100.1023,136.2,28.2
1968-07-16,102.3,102.40058,175.6,28.0
1968-08-16,102.3,101.29375,103.5,28.0
1968-09-16,93.000003,94.04111,124.6,27.7
1968-10-16,89.9,90.22516,255.8,27.0
1968-11-16,84.0,83.21662,242.40001,26.6
1968-12-16,93.0,92.79235,206.5,26.7
1969-01-16,102.3,103.1711,218.8,26.800001
1969-02-15,112.0,111.777016,19.5,26.6
1969-03-16,130.2000093,130.69081,41.4,27.9
1969-04-16,120.0,119.30707,47.5,28.9
1969-05-16,105.4,105.34927,160.2,29.1
1969-06-16,99.0,99.26707,118.1,28.4
1969-07-16,102.3,103.44762,107.3,27.800001
1969-08-16,105.4,104.160675,122.700005,28.0
1969-09-16,90.0,92.33763,150.1,27.6
1969-10-16,89.9,90.37579,264.9,27.300001
1969-11-16,78.000003,79.52286,557.2,25.5
1969-12-16,89.9,90.50977,173.7,25.2
1970-01-16,102.3,102.8554,166.6,26.0
1970-02-15,109.2,109.50397,9.5,26.1
1970-03-16,133.3,132.79283,47.7,27.7
1970-04-16,117.0,118.04031,100.9,28.300001
1970-05-16,105.4,105.09762,163.40001,28.9
1970-06-16,99.0,99.24639,134.90001,28.2
1970-07-16,102.3,102.94286,150.5,27.800001
1970-08-16,102.3,102.79661,167.7,27.800001
1970-09-16,93.000003,92.795204,144.6,27.800001
1970-10-16,89.9,90.21304,272.30002,26.800001
1970-11-16,81.0,81.29206,581.4,25.9
1970-12-16,89.9,90.264206,406.2,26.1
1971-01-16,96.1000031,97.07854,35.3,24.4
1971-02-15,106.4,106.58976,38.100002,25.4
1971-03-16,105.4,106.37709,89.700005,26.5
1971-04-16,96.0,97.40074,8.2,28.300001
1971-05-16,80.6000031,83.91696,177.6,28.2
1971-06-16,93.000003,93.68659,119.3,27.800001
1971-07-16,83.7,87.17699,74.1,27.7
1971-08-16,86.8,89.03115,114.0,27.5
1971-09-16,96.0,94.33227,123.200005,27.9
1971-10-16,68.2,72.83954,418.9,26.5
1971-11-16,69.0,69.65891,413.4,24.800001
1971-12-16,68.2,74.33766,260.5,25.800001
1972-01-16,89.9,90.23559,31.7,24.6
1972-02-15,95.7,96.7772,31.2,26.4
1972-03-16,111.6000031,109.891266,15.3,26.6
1972-04-16,90.0,91.17312,99.3,27.7
1972-05-16,93.0,92.88665,107.200005,29.2
1972-06-16,96.0,95.594246,104.1,28.300001
1972-07-16,83.7,85.025925,103.3,28.4
1972-08-16,89.9,89.9069,81.8,28.0
1972-09-16,93.000003,92.73789,178.3,27.800001
1972-10-16,80.6000031,80.512184,229.0,27.6
1972-11-16,66.0,69.22261,481.7,26.7
1972-12-16,71.3,72.408035,227.6,26.300001
1973-01-16,102.3,101.13623,34.0,26.1
1973-02-15,100.8000028,100.9484,12.8,27.2
1973-03-16,130.2000093,126.772896,61.9,27.7
1973-04-16,93.000003,94.658714,47.9,29.2
1973-05-16,105.4,104.29439,187.5,28.9
1973-06-16,96.0,96.36514,116.3,28.5
1973-07-16,83.7,85.1206,203.1,28.2
1973-08-16,99.2,98.68647,120.3,28.1
1973-09-16,93.000003,92.669846,171.2,27.6
1973-10-16,74.4,75.03459,300.2,27.0
1973-11-16,63.000003,67.12619,561.3,25.5
1973-12-16,62.0,67.24014,294.5,24.5
1974-01-16,99.2,99.02253,9.1,24.6
1974-02-15,84.0,86.68669,28.2,25.5
1974-03-16,105.4,105.824165,32.9,26.5
1974-04-16,108.000003,105.697586,85.4,27.9
1974-05-16,80.6000031,83.2415,169.8,28.0
1974-06-16,96.0,95.67098,105.1,28.0
1974-07-16,86.8,87.11303,128.8,27.9
1974-08-16,86.8,87.87396,81.200005,28.0
1974-09-16,96.0,94.90153,167.1,27.800001
1974-10-16,74.4,76.31484,166.5,27.0
1974-11-16,66.0,67.70955,608.4,26.0
1974-12-16,71.3,72.178154,327.80002,25.4
1975-01-16,96.1000031,95.92273,445.6,25.6
1975-02-15,81.2,83.24256,48.2,26.300001
1975-03-16,108.5,108.03757,29.6,27.300001
1975-04-16,111.0,109.919304,61.4,28.6
1975-05-16,99.2,98.418625,175.7,28.2
1975-06-16,90.0,91.17173,149.7,27.5
1975-07-16,86.8,88.15816,103.1,27.7
1975-08-16,83.7,84.668175,123.3,27.7
1975-09-16,93.000003,93.07819,190.6,27.5
1975-10-16,89.9,89.69452,316.9,26.800001
1975-11-16,66.0,70.017746,525.7,25.6
1975-12-16,83.7,82.9696,162.8,24.1
1976-01-16,89.9,91.20027,12.900001,24.7
1976-02-15,95.7,95.62924,0.8,25.6
1976-03-16,102.3,102.75991,25.0,26.9
1976-04-16,96.0,97.06092,123.700005,28.4
1976-05-16,80.6000031,83.366516,222.3,27.9
1976-06-16,84.0,85.748764,90.5,28.1
1976-07-16,83.7,84.538574,150.6,27.800001
1976-08-16,86.8,87.01045,96.200005,27.7
1976-09-16,93.000003,92.04179,126.3,27.7
1976-10-16,74.4,76.122505,211.7,27.2
1976-11-16,63.000003,66.03818,378.80002,25.4
1976-12-16,71.3,72.543,61.100002,25.4
1977-01-16,86.8,88.231674,109.200005,26.0
1977-02-15,81.2,83.822075,52.5,25.6
1977-03-16,111.6000031,109.71576,28.6,26.6
1977-04-16,99.0,98.57,13.3,28.6
1977-05-16,86.8,87.56812,91.5,28.7
1977-06-16,87.0,86.93624,120.1,28.9
1977-07-16,83.7,84.55539,108.3,28.1
1977-08-16,83.7,84.57898,132.6,27.9
1977-09-16,87.0,88.74277,157.2,27.800001
1977-10-16,80.6000031,81.17598,255.3,27.5
1977-11-16,72.0,72.927734,533.0,25.9
1977-12-16,77.5,77.9401,120.6,25.9
1978-01-16,83.7,85.570175,177.7,26.6
1978-02-15,89.6,90.136765,20.4,26.5
1978-03-16,105.4,105.79453,31.5,28.0
1978-04-16,93.000003,93.638115,139.6,28.7
1978-05-16,80.6000031,82.18191,179.6,28.6
1978-06-16,93.000003,92.99373,98.6,28.300001
1978-07-16,83.7,84.19365,122.1,27.9
1978-08-16,83.7,84.137344,96.3,27.9
1978-09-16,87.0,88.198,135.90001,27.5
1978-10-16,74.4,77.13855,180.7,27.0
1978-11-16,75.0,75.13116,222.8,26.2
1978-12-16,74.4,75.0696,150.2,26.2
1979-01-16,89.9,89.7136,25.1,26.7
1979-02-15,92.4,92.734024,8.8,27.1
1979-03-16,114.7,113.826866,3.5,28.4
1979-04-16,114.0,109.96749,99.8,29.1
1979-05-16,80.6000031,83.67147,138.5,29.1
1979-06-16,93.000003,93.255264,145.8,28.5
1979-07-16,83.7,84.19791,199.40001,28.1
1979-08-16,86.8,86.357185,119.700005,28.4
1979-09-16,93.000003,92.432495,144.3,28.1
1979-10-16,80.6000031,81.80344,131.1,27.300001
1979-11-16,75.0,75.844765,307.2,26.1
1979-12-16,83.7,83.72043,81.1,26.1
1980-01-16,89.9,91.0642,12.6,26.1
1980-02-15,95.7,95.55242,17.800001,26.9
1980-03-16,111.6000031,111.055336,32.5,28.1
1980-04-16,93.000003,95.02797,103.6,29.2
1980-05-16,86.8,87.32196,133.0,29.6
1980-06-16,96.0,95.77248,157.2,28.300001
1980-07-16,83.7,84.079895,135.2,28.2
1980-08-16,86.8,87.716965,164.90001,27.5
1980-09-16,90.0,90.46485,130.1,27.7
1980-10-16,74.4,75.855095,173.2,27.1
1980-11-16,69.0,70.392815,549.9,26.0
1980-12-16,71.3,72.75546,178.2,25.4
1981-01-16,93.0,93.267494,24.300001,25.0
1981-02-15,95.2,95.433304,21.7,26.300001
1981-03-16,111.6000031,111.08635,4.9,27.300001
1981-04-16,84.0,86.2896,114.4,28.0
1981-05-16,80.6000031,82.20625,196.0,28.0
1981-06-16,96.0,95.328926,83.5,28.0
1981-07-16,83.7,84.410934,83.200005,27.800001
1981-08-16,93.0,92.39632,74.6,28.0
1981-09-16,93.000003,92.57237,173.3,27.5
1981-10-16,80.6000031,80.717255,203.3,27.0
1981-11-16,69.0,70.70292,496.0,25.9
1981-12-16,74.4,74.93799,230.6,24.800001
1982-01-16,102.3,100.55455,12.400001,25.0
1982-02-15,92.4,94.09601,14.8,26.4
1982-03-16,108.5,108.8279,88.200005,27.4
1982-04-16,90.0,90.46719,157.7,27.6
1982-05-16,89.9,89.695946,184.90001,28.5
1982-06-16,96.0,95.940445,85.5,28.0
1982-07-16,83.7,84.62458,203.5,27.5
1982-08-16,83.7,86.52544,154.40001,27.300001
1982-09-16,90.0,91.60274,131.5,27.300001
1982-10-16,80.6000031,81.06311,242.1,26.800001
1982-11-16,78.000003,78.17595,402.0,26.9
1982-12-16,77.5,79.60074,178.6,25.2
1983-01-16,89.9,92.19392,55.9,25.7
1983-02-15,100.8000028,100.538025,1.0,26.800001
1983-03-16,111.6000031,110.75207,50.600002,27.9
1983-04-16,99.0,98.29954,6.0,29.5
1983-05-16,83.7,87.74025,125.5,29.2
1983-06-16,99.0,98.8741,142.90001,28.5
1983-07-16,86.8,86.75807,144.7,28.0
1983-08-16,86.8,87.05677,116.5,27.800001
1983-09-16,96.0,95.05806,171.7,27.5
1983-10-16,71.3,72.9538,226.2,26.7
1983-11-16,69.0,70.66988,363.9,25.4
1983-12-16,71.3,72.848076,187.5,25.300001
1984-01-16,96.1000031,96.086426,111.1,25.1
1984-02-15,75.4000029,78.62627,40.4,26.300001
1984-03-16,105.4,105.33639,31.300001,27.1
1984-04-16,93.000003,93.642784,113.1,28.5
1984-05-16,83.7,84.241646,122.5,28.0
1984-06-16,93.000003,93.079666,145.8,27.7
1984-07-16,86.8,86.94427,141.2,27.6
1984-08-16,83.7,84.97079,82.1,27.7
1984-09-16,90.0,91.235695,172.6,27.0
1984-10-16,77.5,78.2948,215.8,26.5
1984-11-16,75.0,75.181175,369.1,26.2
1984-12-16,71.3,73.130264,361.0,26.0
1985-01-16,93.0,93.41294,53.600002,25.9
1985-02-15,86.8000028,87.41101,53.3,27.0
1985-03-16,99.2,100.75311,66.200005,27.300001
1985-04-16,87.0,88.28506,120.0,28.2
1985-05-16,80.6000031,81.86058,218.40001,27.9
1985-06-16,96.0,94.679924,100.3,27.9
1985-07-16,83.7,85.32296,111.4,27.300001
1985-08-16,86.8,86.51154,95.8,27.6
1985-09-16,93.000003,92.444145,182.90001,27.1
1985-10-16,71.3,73.4847,287.2,26.6
1985-11-16,69.0,69.9754,328.0,26.300001
1985-12-16,74.4,74.8723,260.5,25.5
1986-01-16,96.1000031,95.52799,65.5,24.800001
1986-02-15,98.0,97.57207,4.2000003,26.2
1986-03-16,105.4,104.26311,7.6,27.0
1986-04-16,93.000003,93.01399,40.100002,28.6
1986-05-16,80.6000031,81.67967,272.0,28.2
1986-06-16,81.0,84.39297,124.3,28.1
1986-07-16,83.7,84.256516,130.0,27.800001
1986-08-16,86.8,87.18648,99.4,28.0
1986-09-16,90.0,90.33491,248.7,27.4
1986-10-16,71.3,73.411705,285.4,26.800001
1986-11-16,69.0,70.15959,447.5,26.0
1986-12-16,80.6000031,80.82614,135.6,25.800001
1987-01-16,102.3,101.55551,71.1,26.1
1987-02-15,123.2,119.07041,0.6,26.5
1987-03-16,133.3,132.57707,13.1,27.9
1987-04-16,111.0,110.91779,13.900001,29.2
1987-05-16,117.8,113.42096,169.6,29.4
1987-06-16,99.0,98.59679,100.5,29.1
1987-07-16,111.6000031,110.54553,42.7,28.9
1987-08-16,111.6000031,109.84824,190.6,28.6
1987-09-16,96.0,96.2973,125.700005,28.2
1987-10-16,105.4,104.62468,214.40001,27.800001
1987-11-16,90.0,90.07429,450.2,27.4
1987-12-16,80.6000031,82.61119,236.40001,25.1
1988-01-16,111.6000031,109.91374,87.200005,26.6
1988-02-15,118.9,118.21415,32.600002,27.4
1988-03-16,111.6000031,111.935196,25.300001,28.1
1988-04-16,129.0,124.65287,94.200005,29.2
1988-05-16,96.1000031,97.38372,187.5,28.7
1988-06-16,105.0,104.03258,95.4,28.4
1988-07-16,83.7,87.494446,150.5,28.0
1988-08-16,114.7,112.35868,134.40001,28.300001
1988-09-16,93.000003,93.47176,205.2,28.1
1988-10-16,86.8,87.845146,189.1,27.1
1988-11-16,75.0,77.4492,726.5,25.6
1988-12-16,93.0,92.445496,68.0,25.4
1989-01-16,105.4,104.5335,94.200005,26.800001
1989-02-15,117.6000084,116.98164,5.1,26.300001
1989-03-16,136.4,134.85245,54.9,27.300001
1989-04-16,129.0,127.26915,105.4,29.2
1989-05-16,105.4,105.116165,200.0,28.5
1989-06-16,108.000003,105.922134,103.9,28.300001
1989-07-16,83.7,84.887436,158.5,28.4
1989-08-16,108.5,107.41797,110.5,28.1
1989-09-16,96.0,95.80397,126.700005,28.0
1989-10-16,93.0,93.13739,254.0,27.1
1989-11-16,90.0,89.96202,321.80002,26.4
1989-12-16,102.3,100.229744,32.0,26.0
1990-01-16,89.9,92.39183,50.4,26.800001
1990-02-15,120.4,119.56218,3.4,27.4
1990-03-16,111.6000031,111.85104,24.6,27.9
1990-04-16,102.0,102.77191,83.4,29.5
1990-05-16,83.7,90.473564,146.90001,29.1
1990-06-16,108.000003,107.02307,60.9,29.0
1990-07-16,89.9,90.104065,84.9,28.4
1990-08-16,114.7,112.45239,67.5,28.6
1990-09-16,93.000003,93.79298,136.7,28.2
1990-10-16,99.2,97.64156,370.1,27.5
1990-11-16,87.0,87.060104,430.2,26.800001
1990-12-16,96.1000031,97.99398,111.8,26.5
1991-01-16,111.6000031,109.54918,56.7,27.1
1991-02-15,120.4,119.937035,18.4,27.1
1991-03-16,145.7000093,140.78404,71.200005,28.300001
1991-04-16,135.0,132.7328,109.6,29.300001
1991-05-16,111.6000031,110.94765,247.40001,29.4
1991-06-16,105.0,103.8624,70.3,29.2
1991-07-16,96.1000031,96.818695,164.7,28.5
1991-08-16,99.2,100.90859,158.1,28.2
1991-09-16,87.0,89.18039,154.3,28.0
1991-10-16,86.8,88.093445,148.5,27.2
1991-11-16,93.000003,92.55132,217.0,26.2
1991-12-16,77.5,79.28497,234.0,26.5
1992-01-16,89.9,91.92736,60.3,25.800001
1992-02-15,121.8000087,120.24753,12.2,26.9
1992-03-16,124.0,123.620445,5.2000003,28.300001
1992-04-16,120.0,118.92735,12.900001,30.1
1992-05-16,120.9,117.219795,152.2,29.9
1992-06-16,99.0,100.000015,100.5,29.0
1992-07-16,102.3,101.94941,93.3,28.4
1992-08-16,105.4,104.506386,107.4,28.4
1992-09-16,102.0,100.62432,100.9,28.300001
1992-10-16,83.7,84.68111,346.0,26.800001
1992-11-16,78.000003,80.1012,356.9,25.7
1992-12-16,80.6000031,81.520294,114.9,26.5
1993-01-16,102.3,101.43778,175.40001,26.0
1993-02-15,117.6000084,116.59839,2.3,26.1
1993-03-16,127.1,126.53656,109.4,27.5
1993-04-16,126.000009,124.3799,140.8,28.7
1993-05-16,93.0,95.784065,164.1,29.5
1993-06-16,111.0,109.28078,87.9,29.2
1993-07-16,105.4,105.30694,118.6,28.6
1993-08-16,105.4,105.62991,99.700005,28.2
1993-09-16,96.0,97.45965,161.8,27.9
1993-10-16,80.6000031,83.064865,288.6,27.300001
1993-11-16,75.0,76.18303,446.4,26.6
1993-12-16,80.6000031,81.49649,364.6,25.9
1994-01-16,111.6000031,109.66451,34.0,26.5
1994-02-15,117.6000084,117.22029,39.0,27.6
1994-03-16,127.1,126.899635,104.200005,27.4
1994-04-16,132.0,130.79659,114.5,29.2
1994-05-16,105.4,105.36994,161.0,28.800001
1994-06-16,90.0,91.98381,127.1,28.300001
1994-07-16,99.2,100.091675,103.9,28.300001
1994-08-16,102.3,103.2636,179.5,28.1
1994-09-16,90.0,90.996506,192.1,27.9
1994-10-16,86.8,86.84564,165.40001,27.0
1994-11-16,78.000003,80.829506,431.1,26.300001
1994-12-16,105.4,103.82252,155.8,27.300001
1995-01-16,108.5,108.12819,67.0,26.4
1995-02-15,89.6,93.50873,15.2,26.2
1995-03-16,108.5,108.431465,60.600002,27.7
1995-04-16,102.0,102.628006,50.3,29.2
1995-05-16,96.1000031,97.42366,82.6,29.4
1995-06-16,105.0,103.79244,86.8,29.1
1995-07-16,99.2,98.72191,161.8,28.4
1995-08-16,86.8,89.07132,163.90001,28.0
1995-09-16,90.0,90.48748,139.40001,27.9
1995-10-16,74.4,78.124016,192.5,27.2
1995-11-16,78.000003,77.503174,683.7,26.6
1995-12-16,111.6000031,109.203735,108.3,25.7
1996-01-16,105.4,105.63098,83.5,26.2
1996-02-15,113.1,112.71631,50.9,26.1
1996-03-16,142.6,136.35587,12.8,27.7
1996-04-16,123.0,122.38454,165.3,28.6
1996-05-16,105.4,105.378426,133.1,28.5
1996-06-16,105.0,104.29101,111.6,28.800001
1996-07-16,102.3,101.148415,91.1,28.4
1996-08-16,102.3,101.76464,151.3,28.300001
1996-09-16,90.0,90.90628,142.1,27.6
1996-10-16,89.9,89.234856,261.1,27.1
1996-11-16,81.0,81.872795,475.0,26.6
1996-12-16,74.4,79.8655,404.0,25.5
1997-01-16,114.7,110.92552,34.4,25.7
1997-02-15,106.4,107.12484,50.100002,26.7
1997-03-16,142.6,137.15186,20.7,27.7
1997-04-16,120.0,119.58283,105.6,28.2
1997-05-16,120.9,117.00698,109.200005,29.4
1997-06-16,108.000003,106.19666,115.9,29.0
1997-07-16,83.7,88.70035,142.5,28.4
1997-08-16,111.6000031,108.0491,152.6,28.4
1997-09-16,93.000003,93.82992,187.8,28.2
1997-10-16,99.2,98.646416,247.90001,27.6
1997-11-16,90.0,90.26167,249.0,27.0
1997-12-16,83.7,84.53813,243.5,27.5
1998-01-16,114.7,112.8967,27.800001,28.0
1998-02-15,126.0,124.23618,8.6,28.2
1998-03-16,148.8,140.72552,19.2,29.1
1998-04-16,135.0,132.40988,22.7,29.7
1998-05-16,117.8,117.033134,95.1,30.1
1998-06-16,102.0,102.38027,107.3,29.300001
1998-07-16,108.5,107.82192,148.1,28.9
1998-08-16,114.7,112.22664,151.1,28.5
1998-09-16,93.000003,93.30553,241.7,27.9
1998-10-16,89.9,90.87236,355.6,27.7
1998-11-16,78.000003,79.759254,496.30002,26.7
1998-12-16,74.4,76.18118,248.0,26.5
1999-01-16,96.1000031,97.111465,250.3,26.4
1999-02-15,103.6,104.07153,89.0,26.5
1999-03-16,124.0,123.37885,58.600002,27.9
1999-04-16,102.0,104.4483,141.3,28.300001
1999-05-16,99.2,99.090576,160.1,28.1
1999-06-16,93.000003,93.75891,107.200005,28.1
1999-07-16,105.4,105.33565,126.700005,28.1
1999-08-16,111.6000031,110.206406,133.2,28.0
1999-09-16,96.0,95.29581,175.6,28.0
1999-10-16,89.9,90.21635,294.6,26.9
1999-11-16,81.0,81.9433,419.0,26.5
1999-12-16,71.3,74.86447,340.30002,24.5
2000-01-16,102.3,101.403145,136.5,26.6
2000-02-15,113.1,112.83319,68.9,26.4
2000-03-16,130.2000093,128.0596,87.6,27.7
2000-04-16,114.0,113.92755,125.3,28.1
2000-05-16,114.7,112.07266,159.0,28.6
2000-06-16,90.0,91.61335,124.6,28.2
2000-07-16,102.3,103.39458,97.6,28.4
2000-08-16,108.5,107.67042,148.40001,28.5
2000-09-16,99.0,98.42036,128.3,28.0
2000-10-16,89.9,90.290695,270.80002,27.4
2000-11-16,81.0,82.62282,424.6,26.4
2000-12-16,89.9,89.45977,278.7,27.2
2001-01-16,89.9,92.20552,201.0,27.1
2001-02-15,112.0,111.41777,28.9,27.1
2001-03-16,114.7,114.654655,129.40001,27.4
2001-04-16,132.0,125.55395,54.600002,29.4
2001-05-16,93.0,93.72147,146.7,28.6
2001-06-16,96.0,96.56773,123.4,28.4
2001-07-16,111.6000031,109.029755,158.7,28.6
2001-08-16,111.6000031,109.1799,92.6,28.4
2001-09-16,99.0,98.87012,177.90001,28.300001
2001-10-16,86.8,88.85051,240.5,27.4
2001-11-16,78.000003,79.09409,232.7,25.7
2001-12-16,93.0,92.494644,268.6,26.2
2002-01-16,105.4,104.70623,37.3,26.4
2002-02-15,114.8,115.01449,0.5,27.1
2002-03-16,139.5,136.40442,65.9,27.9
2002-04-16,135.0,133.5923,73.700005,29.0
2002-05-16,105.4,105.345314,134.40001,28.7
2002-06-16,105.0,103.83806,82.8,29.0
2002-07-16,114.7,110.634384,106.3,29.1
2002-08-16,99.2,102.02491,114.5,28.1
2002-09-16,93.000003,94.31018,127.0,27.800001
2002-10-16,108.5,106.17902,165.0,27.6
2002-11-16,81.0,82.0453,490.7,27.0
2002-12-16,96.1000031,95.46761,311.5,27.7
2003-01-16,105.4,104.76698,81.3,26.4
2003-02-15,117.6000084,117.24241,16.0,27.2
2003-03-16,130.2000093,130.4031,112.6,27.7
2003-04-16,138.0,135.09334,41.8,29.300001
2003-05-16,99.2,99.684875,171.5,29.300001
2003-06-16,108.000003,106.253525,93.4,28.800001
2003-07-16,96.1000031,97.36793,129.40001,28.2
2003-08-16,108.5,106.84551,111.9,28.7
2003-09-16,93.000003,94.07295,178.2,28.0
2003-10-16,83.7,87.33053,366.7,27.4
2003-11-16,87.0,86.974884,375.5,27.4
2003-12-16,83.7,85.24287,312.6,26.1
2004-01-16,108.5,106.824974,57.100002,26.7
2004-02-15,121.8000087,120.1671,37.0,26.7
2004-03-16,139.5,137.75577,37.3,28.300001
2004-04-16,138.0,135.87381,32.5,29.6
2004-05-16,105.4,105.90594,148.2,29.0
2004-06-16,93.000003,95.60602,117.8,28.6
2004-07-16,108.5,107.343376,127.1,28.2
2004-08-16,105.4,105.47987,100.4,28.2
2004-09-16,96.0,95.79531,181.2,27.9
2004-10-16,99.2,98.610535,180.2,27.1
2004-11-16,87.0,87.76737,285.6,27.4
2004-12-16,96.1000031,96.12371,108.1,26.2
2005-01-16,96.1000031,97.89999,51.2,26.0
2005-02-15,123.2,121.283485,5.9,27.800001
2005-03-16,139.5,136.9452,32.0,27.7
2005-04-16,132.0,130.9063,16.1,29.300001
2005-05-16,102.3,103.24717,140.3,29.2
2005-06-16,93.000003,93.95395,115.700005,28.7
2005-07-16,99.2,101.13325,148.40001,28.300001
2005-08-16,114.7,113.14345,81.700005,28.6
2005-09-16,93.000003,93.289375,143.0,28.1
2005-10-16,89.9,90.78046,270.30002,27.2
2005-11-16,81.0,81.5703,518.60004,26.7
2005-12-16,68.2,72.581726,459.6,25.9
2006-01-16,105.4,103.37629,98.5,26.5
2006-02-15,109.2,109.01475,45.0,27.4
2006-03-16,136.4,134.34416,74.3,28.0
2006-04-16,126.000009,126.24862,110.9,28.7
2006-05-16,105.4,105.759605,185.40001,28.300001
2006-06-16,93.000003,93.7032,168.1,28.5
2006-07-16,93.0,95.53874,120.4,28.300001
2006-08-16,111.6000031,109.81411,144.90001,28.1
2006-09-16,93.000003,93.48567,160.6,27.800001
2006-10-16,96.1000031,94.97718,213.3,27.5
2006-11-16,87.0,86.82107,181.8,27.4
2006-12-16,96.1000031,95.85231,224.40001,26.7
2007-01-16,96.1000031,97.951706,155.0,26.5
2007-02-15,120.4,118.38255,2.7,26.800001
2007-03-16,139.5,138.15771,76.3,28.2
2007-04-16,123.0,122.69203,159.0,28.9
2007-05-16,102.3,102.27672,252.5,28.4
2007-06-16,93.000003,93.97496,122.9,29.0
2007-07-16,99.2,98.30332,181.90001,28.2
2007-08-16,105.4,105.24287,95.4,28.4
2007-09-16,93.000003,93.263084,148.3,28.1
2007-10-16,83.7,85.482834,369.6,27.1
2007-11-16,84.0,84.46617,301.9,26.1
2007-12-16,93.0,92.30215,135.40001,27.2
2008-01-16,102.3,102.017525,200.5,26.6
2008-02-15,113.1,112.17289,50.100002,26.300001
2008-03-16,133.3,132.31218,49.9,27.6
2008-04-16,120.0,119.575836,125.4,28.5
2008-05-16,102.3,102.799965,210.2,28.1
2008-06-16,93.000003,93.61023,117.5,28.4
2008-07-16,102.3,101.43554,112.1,28.1
2008-08-16,114.7,111.303444,107.700005,28.4
2008-09-16,93.000003,93.84789,120.9,28.0
2008-10-16,99.2,97.82504,208.3,27.7
2008-11-16,72.0,76.18048,498.30002,26.2
2008-12-16,77.5,78.94208,101.5,25.9
2009-01-16,93.0,93.79974,139.2,25.0
2009-02-15,117.6000084,115.747765,7.3,27.300001
2009-03-16,124.0,124.14357,115.700005,27.6
2009-04-16,117.0,116.2966,192.40001,28.7
2009-05-16,96.1000031,97.00085,175.1,28.300001
2009-06-16,99.0,98.389244,53.9,28.9
2009-07-16,102.3,103.081345,136.90001,28.300001
2009-08-16,111.6000031,110.706985,113.700005,28.800001
2009-09-16,93.000003,93.31265,151.7,28.1
2009-10-16,93.0,93.699936,185.6,27.4
2009-11-16,87.0,87.45507,393.7,26.7
2009-12-16,99.2,98.309814,139.6,27.0
2010-01-16,99.2,99.84972,154.40001,26.9
2010-02-15,117.6000084,117.39554,13.8,27.800001
2010-03-16,145.7000093,141.56918,51.5,28.300001
2010-04-16,129.0,128.1447,29.800001,29.800001
2010-05-16,117.8,116.14222,104.3,29.9
2010-06-16,93.000003,94.52967,135.40001,29.2
2010-07-16,102.3,102.52648,139.3,28.6
2010-08-16,96.1000031,98.36938,92.5,28.2
2010-09-16,99.0,97.89517,156.1,28.4
2010-10-16,80.6000031,82.90692,272.80002,27.300001
2010-11-16,78.000003,79.21223,590.9,26.800001
2010-12-16,77.5,78.52004,350.5,26.7
2011-01-16,99.2,98.277824,193.3,26.0
2011-02-15,112.0,111.36058,14.8,27.0
2011-03-16,102.3,103.374245,70.0,26.300001
2011-04-16,123.0,120.82669,66.200005,28.2
2011-05-16,111.6000031,110.32972,153.7,28.7
2011-06-16,96.0,95.91801,121.200005,28.5
2011-07-16,102.3,101.71646,185.8,28.2
2011-08-16,108.5,106.62024,158.7,28.300001
2011-09-16,90.0,91.12529,139.1,27.800001
2011-10-16,86.8,87.5491,273.30002,27.0
2011-11-16,93.000003,92.23466,397.30002,27.1
2011-12-16,74.4,75.50529,297.4,26.2
2012-01-16,86.8,88.7524,376.6,26.7
2012-02-15,124.7,122.92168,58.0,27.4
2012-03-16,133.3,130.2959,72.5,28.1
2012-04-16,120.0,119.33151,120.8,28.800001
2012-05-16,99.2,100.31811,156.8,28.7
2012-06-16,99.0,98.779076,112.4,28.7
2012-07-16,102.3,103.43623,112.0,28.2
2012-08-16,114.7,113.082855,126.6,28.4
2012-09-16,90.0,91.18845,162.3,27.6
2012-10-16,96.1000031,95.8143,213.5,27.5
2012-11-16,87.0,87.705124,608.5,27.4
2012-12-16,89.9,89.5215,286.7,27.6
2013-01-16,96.1000031,95.998184,141.0,26.800001
2013-02-15,103.6,104.492355,43.0,27.5
2013-03-16,142.6,138.15933,24.1,28.4
2013-04-16,117.0,116.993866,180.6,29.2
2013-05-16,111.6000031,110.69931,136.8,29.4
2013-06-16,87.0,90.03131,137.3,28.7
2013-07-16,89.9,93.3784,147.2,28.0
2013-08-16,105.4,105.45735,140.6,28.4
2013-09-16,93.000003,92.77921,161.2,27.9
2013-10-16,93.0,92.56917,342.5,27.2
2013-11-16,87.0,87.51366,591.4,26.9
2013-12-16,77.5,79.53935,95.5,25.4
2014-01-16,96.1000031,96.45956,66.6,25.0
2014-02-15,120.4,117.78524,3.5,26.300001
2014-03-16,139.5,137.23535,21.1,27.800001
2014-04-16,135.0,132.41205,40.8,29.4
2014-05-16,120.9,119.93641,140.40001,29.7
2014-06-16,87.0,88.38801,153.2,29.2
2014-07-16,102.3,101.57045,121.0,28.6
2014-08-16,114.7,113.08678,123.700005,28.300001
2014-09-16,96.0,95.29754,107.6,28.1
2014-10-16,93.0,93.62387,274.9,27.4
2014-11-16,84.0,85.009735,585.10004,27.300001
2014-12-16,77.5,78.497116,308.7,26.9
2015-01-16,102.3,101.848274,58.7,25.9
2015-02-15,117.6000084,116.74848,14.2,26.6
2015-03-16,133.3,132.59901,24.7,28.300001
2015-04-16,129.0,128.58643,143.3,29.0
2015-05-16,127.1,124.25003,128.5,29.7
2015-06-16,99.0,99.302826,101.6,29.300001
2015-07-16,105.4,104.31513,102.5,28.9
2015-08-16,105.4,105.9545,213.6,28.5
2015-09-16,96.0,96.41027,197.40001,28.4
2015-10-16,93.0,93.48281,206.6,27.800001
2015-11-16,87.0,87.26993,433.4,27.6
2015-12-16,80.6000031,82.24985,374.30002,27.5
2016-01-16,99.2,99.92057,277.2,27.1
2016-02-15,113.1,112.74533,43.100002,27.0
2016-03-16,139.5,137.42459,32.3,28.6
2016-04-16,96.0,98.89043,19.1,30.300001
2016-05-16,108.5,108.095,171.40001,30.2
2016-06-16,102.0,101.27651,110.6,29.1
2016-07-16,105.4,105.20316,129.90001,29.1
2016-08-16,111.6000031,109.78122,116.4,29.2
2016-09-16,99.0,98.44525,160.0,28.800001
2016-10-16,89.9,89.98206,288.0,27.6
2016-11-16,81.0,82.12724,482.80002,27.300001
2016-12-16,89.9,89.91403,444.30002,27.1
2017-01-16,99.2,98.944756,564.8,26.9
2017-02-15,112.0,111.20562,35.9,27.0
2017-03-16,130.2000093,129.30792,61.0,27.800001
2017-04-16,117.0,116.294525,132.0,28.7
2017-05-16,105.4,105.154434,224.1,28.9
2017-06-16,99.0,99.75622,95.700005,28.7
2017-07-16,111.6000031,108.72095,130.2,28.9
2017-08-16,105.4,105.43371,134.0,28.5
2017-09-16,102.0,101.280876,169.6,28.5
2017-10-16,89.9,90.62845,187.1,27.7
2017-11-16,78.000003,79.48663,386.1,26.7
2017-12-16,89.9,90.20321,389.30002,26.4
2018-01-16,99.2,98.674,124.6,26.5
2018-02-15,106.4,106.8726,51.600002,26.4
2018-03-16,127.1,126.58631,32.9,27.800001
2018-04-16,114.0,114.14943,156.7,28.300001
2018-05-16,102.3,102.273895,144.0,28.9
2018-06-16,99.0,99.067505,157.2,28.7
2018-07-16,102.3,102.97156,136.3,28.6
2018-08-16,102.3,103.589676,120.200005,28.4
2018-09-16,96.0,96.435394,119.700005,28.1
2018-10-16,93.0,92.71858,280.80002,27.800001
2018-11-16,84.0,84.07632,358.5,27.5
2018-12-16,96.1000031,95.51749,329.80002,27.7
2019-01-16,102.3,98.89411,353.5,27.2
2019-02-15,114.8,107.9814,8.900001,27.800001
2019-03-16,136.4,134.30019,16.6,28.5
2019-04-16,120.0,123.307915,23.2,29.7
2019-05-16,105.4,107.4607,170.40001,29.800001
2019-06-16,99.0,97.90685,119.4,29.0
2019-07-16,108.5,102.784256,133.2,29.0
2019-08-16,105.4,103.38394,153.8,28.6
2019-09-16,96.0,96.22157,144.90001,28.1
2019-10-16,96.1000031,91.21954,165.5,28.0
2019-11-16,87.0,85.4637,363.4,27.2
2019-12-16,96.1000031,92.50052,117.6,26.800001
2020-01-16,108.5,101.464035,33.7,27.7
2020-02-15,118.9,115.174194,39.9,27.4
2020-03-16,139.5,136.00256,9.0,28.6
2020-04-16,120.0,127.993835,104.200005,29.2
2020-05-16,111.6000031,104.12373,102.200005,30.1
2020-06-16,102.0,98.96392,160.0,28.800001
2020-07-16,108.5,100.33749,132.5,28.9
2020-08-16,108.5,103.22694,132.90001,28.9
2020-09-16,102.0,96.763016,199.40001,28.4
2020-10-16,86.8,91.575645,288.6,27.1
2020-11-16,84.0,82.865524,400.0,27.0
2020-12-16,89.9,91.381546,363.1,26.7
2021-01-16,99.2,101.58861,65.700005,25.7
2021-02-15,112.0,108.870415,8.3,26.800001
2021-03-16,133.3,127.452614,36.100002,28.2
2021-04-16,114.0,119.60089,129.7,28.5
2021-05-16,108.5,103.34756,124.5,29.2
2021-06-16,102.0,99.94772,92.700005,29.1
2021-07-16,105.4,104.27983,159.90001,28.800001
2021-08-16,108.5,104.53068,163.8,28.7
2021-09-16,96.0,97.31478,115.4,28.0
2021-10-16,89.9,89.86992,280.7,27.5
2021-11-16,78.000003,82.78486,759.60004,26.9
2021-12-16,89.9,90.1762,146.8,26.7
2022-01-16,105.4,100.08806,56.5,27.1
2022-02-15,103.6,111.23649,118.8,26.800001
2022-03-16,127.1,127.18203,71.8,28.0
2022-04-16,117.0,110.535805,130.2,28.6
2022-05-16,99.2,101.153336,300.6,28.300001
2022-06-16,105.0,100.50891,79.5,29.1
2022-07-16,105.4,104.45161,169.1,28.5
2022-08-16,105.4,105.83926,99.200005,28.300001
2022-09-16,96.0,94.82341,175.40001,27.7
2022-10-16,89.9,89.31359,477.2,27.0
2022-11-16,81.0,83.535706,421.30002,27.1
2022-12-16,89.9,91.006035,405.5,26.300001
2023-01-16,99.2,110.70981,161.0,26.2
2023-02-15,109.2,107.84084,56.0,27.1
2023-03-16,130.2000093,126.54286,15.8,28.0
2023-04-16,120.0,114.00304,26.6,30.0
2023-05-16,108.5,107.70447,120.200005,30.0
2023-06-16,102.0,98.80223,112.1,29.4
2023-07-16,105.4,103.82416,165.8,29.2
2023-08-16,105.4,102.672195,82.4,29.1
2023-09-16,93.000003,96.22753,184.5,28.4
2023-10-16,89.9,95.76884,174.3,28.0
2023-11-16,81.0,88.49915,425.1,27.2
2023-12-16,93.0,95.80679,276.30002,27.800001
